sample_id,timestamp_utc,elapsed_ms,gps_valid,gps_updated,gps_fix_type,satellites,latitude_deg,longitude_deg,gps_altitude_m,speed_mps,course_deg,hdop,pdop,vdop,bme_valid,temperature_c,humidity_pct,pressure_hpa,pressure_altitude_m,mag_valid,mag_x_ut,mag_y_ut,mag_z_ut,mag_strength_ut,heading_deg,imu_valid,accel_x_mps2,accel_y_mps2,accel_z_mps2,gyro_x_dps,gyro_y_dps,gyro_z_dps,pitch_deg,roll_deg
0,2026-09-09T22:15:00.000Z,0,1,1,3,10,43.823100,-111.792400,1481.00,1.350,12.00,0.82,1.30,1.22,1,22.60,41.50,848.70,1461.00,1,-13.00,11.50,26.00,31.26,12.00,1,0.000,9.550,-1.200,0.000,0.220,0.000,-2.00,4.20
1,2026-09-09T22:15:01.000Z,1000,1,1,3,10,43.823108,-111.792394,1481.08,1.378,12.46,0.82,1.31,1.22,1,22.62,41.50,848.70,1461.08,1,-12.84,11.50,26.05,31.24,12.68,1,0.054,9.549,-1.183,0.037,0.219,0.033,-1.95,4.20
2,2026-09-09T22:15:02.000Z,2000,1,1,3,10,43.823116,-111.792388,1481.16,1.406,12.92,0.83,1.31,1.22,1,22.63,41.51,848.70,1461.15,1,-12.68,11.48,26.10,31.21,13.36,1,0.105,9.544,-1.166,0.074,0.216,0.064,-1.91,4.20
3,2026-09-09T22:15:03.000Z,3000,1,1,3,10,43.823124,-111.792382,1481.23,1.433,13.37,0.83,1.32,1.22,1,22.65,41.51,848.70,1461.23,1,-12.53,11.46,26.16,31.18,14.03,1,0.150,9.538,-1.150,0.110,0.210,0.093,-1.86,4.19
4,2026-09-09T22:15:04.000Z,4000,1,1,3,10,43.823132,-111.792377,1481.31,1.457,13.83,0.84,1.32,1.22,1,22.66,41.52,848.70,1461.30,1,-12.37,11.43,26.21,31.15,14.69,1,0.185,9.529,-1.135,0.144,0.203,0.120,-1.82,4.19
5,2026-09-09T22:15:05.000Z,5000,1,1,3,10,43.823140,-111.792371,1481.39,1.479,14.29,0.84,1.33,1.22,1,22.68,41.52,848.69,1461.38,1,-12.22,11.39,26.26,31.12,15.34,1,0.209,9.517,-1.121,0.176,0.193,0.142,-1.77,4.18
6,2026-09-09T22:15:06.000Z,6000,1,1,3,10,43.823148,-111.792365,1481.47,1.499,14.74,0.85,1.34,1.22,1,22.69,41.53,848.69,1461.46,1,-12.07,11.35,26.31,31.09,15.98,1,0.219,9.504,-1.109,0.204,0.182,0.160,-1.73,4.17
7,2026-09-09T22:15:07.000Z,7000,1,1,3,10,43.823156,-111.792359,1481.55,1.515,15.20,0.85,1.34,1.22,1,22.71,41.53,848.69,1461.53,1,-11.92,11.29,26.36,31.05,16.60,1,0.216,9.489,-1.099,0.230,0.168,0.172,-1.68,4.16
8,2026-09-09T22:15:08.000Z,8000,1,1,3,10,43.823164,-111.792353,1481.62,1.529,15.65,0.86,1.35,1.22,1,22.72,41.54,848.69,1461.61,1,-11.77,11.23,26.41,31.02,17.20,1,0.200,9.474,-1.091,0.252,0.153,0.179,-1.64,4.15
9,2026-09-09T22:15:09.000Z,9000,1,1,3,10,43.823172,-111.792347,1481.70,1.538,16.10,0.86,1.35,1.22,1,22.74,41.54,848.69,1461.68,1,-11.63,11.16,26.46,30.98,17.78,1,0.171,9.457,-1.085,0.271,0.137,0.180,-1.60,4.13
10,2026-09-09T22:15:10.000Z,10000,1,1,3,10,43.823180,-111.792342,1481.78,1.545,16.55,0.86,1.36,1.21,1,22.75,41.55,848.69,1461.76,1,-11.49,11.08,26.51,30.94,18.34,1,0.132,9.440,-1.081,0.285,0.119,0.175,-1.55,4.12
11,2026-09-09T22:15:11.000Z,11000,1,1,3,10,43.823188,-111.792336,1481.85,1.549,17.00,0.87,1.36,1.21,1,22.77,41.55,848.69,1461.83,1,-11.36,10.99,26.55,30.90,18.88,1,0.084,9.424,-1.080,0.294,0.100,0.164,-1.51,4.10
12,2026-09-09T22:15:12.000Z,12000,1,1,3,10,43.823196,-111.792330,1481.93,1.549,17.44,0.87,1.37,1.21,1,22.78,41.56,848.69,1461.91,1,-11.23,10.90,26.60,30.86,19.39,1,0.031,9.408,-1.081,0.299,0.080,0.147,-1.47,4.08
13,2026-09-09T22:15:13.000Z,13000,1,1,3,10,43.823204,-111.792324,1482.00,1.548,17.89,0.88,1.38,1.21,1,22.80,41.56,848.68,1461.98,1,-11.10,10.80,26.64,30.82,19.87,1,-0.024,9.394,-1.085,0.300,0.059,0.126,-1.43,4.06
14,2026-09-09T22:15:14.000Z,14000,1,1,3,10,43.823212,-111.792318,1482.08,1.545,18.33,0.88,1.38,1.21,1,22.81,41.57,848.68,1462.06,1,-10.98,10.70,26.69,30.78,20.33,1,-0.077,9.381,-1.091,0.295,0.037,0.101,-1.39,4.04
15,2026-09-09T22:15:15.000Z,15000,1,1,3,10,43.823220,-111.792313,1482.15,1.540,18.76,0.89,1.39,1.21,1,22.82,41.57,848.68,1462.13,1,-10.87,10.59,26.73,30.74,20.75,1,-0.126,9.370,-1.099,0.286,0.016,0.072,-1.36,4.02
16,2026-09-09T22:15:16.000Z,16000,1,1,3,10,43.823228,-111.792307,1482.23,1.535,19.20,0.89,1.39,1.21,1,22.84,41.57,848.68,1462.21,1,-10.76,10.47,26.77,30.69,21.16,1,-0.166,9.361,-1.109,0.273,-0.006,0.041,-1.32,3.99
17,2026-09-09T22:15:17.000Z,17000,1,1,3,11,43.823236,-111.792301,1482.30,1.529,19.63,0.89,1.40,1.21,1,22.85,41.58,848.68,1462.28,1,-10.66,10.35,26.81,30.65,21.53,1,-0.197,9.355,-1.122,0.255,-0.028,0.009,-1.28,3.97
18,2026-09-09T22:15:18.000Z,18000,1,1,3,11,43.823244,-111.792295,1482.38,1.524,20.06,0.90,1.40,1.20,1,22.87,41.58,848.68,1462.36,1,-10.56,10.22,26.85,30.61,21.88,1,-0.215,9.351,-1.135,0.233,-0.050,-0.024,-1.25,3.94
19,2026-09-09T22:15:19.000Z,19000,1,1,3,11,43.823252,-111.792290,1482.45,1.521,20.48,0.90,1.41,1.20,1,22.88,41.59,848.67,1462.43,1,-10.48,10.09,26.88,30.57,22.20,1,-0.220,9.350,-1.150,0.208,-0.071,-0.055,-1.22,3.91
20,2026-09-09T22:15:20.000Z,20000,1,1,3,11,43.823260,-111.792284,1482.52,1.519,20.90,0.91,1.41,1.20,1,22.90,41.59,848.67,1462.50,1,-10.39,9.96,26.92,30.52,22.49,1,-0.211,9.352,-1.166,0.180,-0.092,-0.085,-1.19,3.88
21,2026-09-09T22:15:21.000Z,21000,1,1,3,11,43.823268,-111.792278,1482.59,1.519,21.32,0.91,1.42,1.20,1,22.91,41.59,848.67,1462.57,1,-10.32,9.82,26.95,30.48,22.77,1,-0.189,9.356,-1.183,0.148,-0.111,-0.113,-1.16,3.85
22,2026-09-09T22:15:22.000Z,22000,1,1,3,11,43.823276,-111.792273,1482.66,1.521,21.73,0.91,1.43,1.20,1,22.92,41.60,848.67,1462.65,1,-10.25,9.68,26.98,30.44,23.02,1,-0.155,9.363,-1.200,0.114,-0.129,-0.136,-1.13,3.82
23,2026-09-09T22:15:23.000Z,23000,1,1,3,11,43.823284,-111.792267,1482.73,1.527,22.14,0.92,1.43,1.19,1,22.94,41.60,848.67,1462.72,1,-10.19,9.54,27.01,30.40,23.25,1,-0.112,9.373,-1.217,0.079,-0.147,-0.155,-1.10,3.78
24,2026-09-09T22:15:24.000Z,24000,1,1,3,11,43.823292,-111.792261,1482.80,1.535,22.55,0.92,1.44,1.19,1,22.95,41.60,848.66,1462.79,1,-10.14,9.40,27.04,30.37,23.46,1,-0.061,9.385,-1.234,0.042,-0.162,-0.169,-1.07,3.75
25,2026-09-09T22:15:25.000Z,25000,1,1,3,11,43.823299,-111.792256,1482.87,1.546,22.95,0.93,1.44,1.19,1,22.96,41.61,848.66,1462.86,1,-10.10,9.25,27.06,30.33,23.66,1,-0.007,9.398,-1.250,0.005,-0.176,-0.177,-1.05,3.71
26,2026-09-09T22:15:26.000Z,26000,1,1,3,11,43.823307,-111.792250,1482.94,1.560,23.34,0.93,1.45,1.19,1,22.98,41.61,848.66,1462.93,1,-10.06,9.10,27.09,30.29,23.84,1,0.047,9.413,-1.265,-0.032,-0.189,-0.180,-1.03,3.67
27,2026-09-09T22:15:27.000Z,27000,1,1,3,11,43.823315,-111.792245,1483.01,1.576,23.73,0.93,1.45,1.18,1,22.99,41.61,848.66,1463.01,1,-10.03,8.96,27.11,30.26,24.01,1,0.099,9.429,-1.279,-0.069,-0.199,-0.177,-1.01,3.64
28,2026-09-09T22:15:28.000Z,28000,1,1,3,11,43.823323,-111.792239,1483.08,1.594,24.12,0.94,1.45,1.18,1,23.00,41.62,848.66,1463.08,1,-10.01,8.81,27.13,30.23,24.18,1,0.145,9.445,-1.291,-0.105,-0.207,-0.167,-0.99,3.60
29,2026-09-09T22:15:29.000Z,29000,1,1,3,11,43.823331,-111.792233,1483.14,1.614,24.50,0.94,1.46,1.18,1,23.02,41.62,848.65,1463.15,1,-10.00,8.66,27.14,30.20,24.34,1,0.181,9.462,-1.301,-0.139,-0.214,-0.152,-0.97,3.56
30,2026-09-09T22:15:30.000Z,30000,1,1,3,11,43.823339,-111.792228,1483.21,1.635,24.87,0.94,1.46,1.18,1,23.03,41.62,848.65,1463.22,1,-10.00,8.52,27.16,30.17,24.49,1,0.206,9.478,-1.309,-0.171,-0.218,-0.133,-0.96,3.52
31,2026-09-09T22:15:31.000Z,31000,1,1,3,11,43.823346,-111.792222,1483.27,1.656,25.24,0.95,1.47,1.17,1,23.04,41.62,848.65,1463.28,1,-10.01,8.37,27.17,30.14,24.64,1,0.219,9.494,-1.315,-0.201,-0.220,-0.108,-0.94,3.47
32,2026-09-09T22:15:32.000Z,32000,1,1,3,11,43.823354,-111.792217,1483.33,1.678,25.60,0.95,1.47,1.17,1,23.05,41.63,848.64,1463.35,1,-10.02,8.23,27.18,30.12,24.80,1,0.218,9.508,-1.319,-0.227,-0.220,-0.081,-0.93,3.43
33,2026-09-09T22:15:33.000Z,33000,1,1,3,11,43.823362,-111.792211,1483.40,1.698,25.96,0.95,1.48,1.17,1,23.07,41.63,848.64,1463.42,1,-10.04,8.10,27.19,30.09,24.96,1,0.203,9.521,-1.320,-0.250,-0.217,-0.050,-0.92,3.39
34,2026-09-09T22:15:34.000Z,34000,1,1,3,11,43.823370,-111.792206,1483.46,1.718,26.31,0.96,1.48,1.16,1,23.08,41.63,848.64,1463.49,1,-10.07,7.96,27.19,30.07,25.12,1,0.176,9.532,-1.319,-0.268,-0.213,-0.018,-0.91,3.34
35,2026-09-09T22:15:35.000Z,35000,1,1,3,11,43.823377,-111.792201,1483.52,1.735,26.66,0.96,1.49,1.16,1,23.09,41.63,848.64,1463.56,1,-10.11,7.83,27.20,30.05,25.30,1,0.137,9.540,-1.315,-0.283,-0.206,0.014,-0.91,3.30
36,2026-09-09T22:15:36.000Z,36000,1,1,3,11,43.823385,-111.792195,1483.58,1.749,27.00,0.96,1.49,1.16,1,23.10,41.63,848.63,1463.62,1,-10.16,7.70,27.20,30.04,25.48,1,0.091,9.546,-1.309,-0.293,-0.197,0.047,-0.90,3.25
37,2026-09-09T22:15:37.000Z,37000,1,1,3,11,43.823393,-111.792190,1483.64,1.761,27.33,0.96,1.49,1.15,1,23.11,41.64,848.63,1463.69,1,-10.21,7.58,27.20,30.02,25.68,1,0.038,9.549,-1.301,-0.299,-0.187,0.077,-0.90,3.21
38,2026-09-09T22:15:38.000Z,38000,1,1,3,11,43.823400,-111.792185,1483.69,1.769,27.65,0.97,1.50,1.15,1,23.12,41.64,848.63,1463.76,1,-10.27,7.46,27.20,30.01,25.89,1,-0.017,9.550,-1.291,-0.300,-0.174,0.105,-0.90,3.16
39,2026-09-09T22:15:39.000Z,39000,1,1,3,11,43.823408,-111.792179,1483.75,1.774,27.97,0.97,1.50,1.15,1,23.13,41.64,848.62,1463.82,1,-10.34,7.35,27.19,30.00,26.11,1,-0.070,9.548,-1.278,-0.296,-0.160,0.130,-0.90,3.11
40,2026-09-09T22:15:40.000Z,40000,1,1,3,11,43.823416,-111.792174,1483.80,1.776,28.28,0.97,1.50,1.14,1,23.14,41.64,848.62,1463.89,1,-10.42,7.24,27.18,30.00,26.36,1,-0.120,9.543,-1.265,-0.288,-0.144,0.150,-0.91,3.07
41,2026-09-09T22:15:41.000Z,41000,1,1,3,11,43.823423,-111.792169,1483.86,1.773,28.59,0.97,1.51,1.14,1,23.15,41.64,848.62,1463.95,1,-10.50,7.14,27.17,29.99,26.61,1,-0.162,9.535,-1.250,-0.275,-0.126,0.166,-0.91,3.02
42,2026-09-09T22:15:42.000Z,42000,1,1,3,11,43.823431,-111.792163,1483.91,1.767,28.89,0.98,1.51,1.14,1,23.16,41.64,848.61,1464.02,1,-10.59,7.04,27.16,29.99,26.89,1,-0.194,9.525,-1.234,-0.258,-0.108,0.176,-0.92,2.97
43,2026-09-09T22:15:43.000Z,43000,1,1,3,11,43.823438,-111.792158,1483.96,1.759,29.18,0.98,1.51,1.13,1,23.17,41.64,848.61,1464.08,1,-10.69,6.95,27.15,29.99,27.18,1,-0.213,9.513,-1.217,-0.237,-0.088,0.180,-0.93,2.92
44,2026-09-09T22:15:44.000Z,44000,1,1,3,11,43.823446,-111.792153,1484.01,1.747,29.46,0.98,1.52,1.13,1,23.18,41.64,848.60,1464.14,1,-10.79,6.87,27.13,30.00,27.49,1,-0.220,9.500,-1.200,-0.212,-0.068,0.178,-0.94,2.87
45,2026-09-09T22:15:45.000Z,45000,1,1,3,11,43.823453,-111.792148,1484.06,1.733,29.73,0.98,1.52,1.12,1,23.19,41.64,848.60,1464.20,1,-10.90,6.80,27.11,30.00,27.82,1,-0.213,9.485,-1.183,-0.184,-0.046,0.170,-0.95,2.83
46,2026-09-09T22:15:46.000Z,46000,1,1,3,11,43.823461,-111.792143,1484.11,1.717,30.00,0.98,1.52,1.12,1,23.20,41.64,848.59,1464.26,1,-11.02,6.73,27.09,30.01,28.16,1,-0.193,9.469,-1.166,-0.152,-0.025,0.157,-0.97,2.78
47,2026-09-09T22:15:47.000Z,47000,1,1,3,11,43.823468,-111.792138,1484.16,1.700,30.26,0.99,1.52,1.12,1,23.21,41.64,848.59,1464.33,1,-11.14,6.68,27.07,30.02,28.52,1,-0.160,9.452,-1.150,-0.119,-0.003,0.139,-0.98,2.73
48,2026-09-09T22:15:48.000Z,48000,1,1,3,11,43.823476,-111.792133,1484.21,1.682,30.51,0.99,1.53,1.11,1,23.22,41.64,848.59,1464.39,1,-11.27,6.63,27.04,30.04,28.89,1,-0.118,9.435,-1.135,-0.084,0.019,0.116,-1.00,2.68
49,2026-09-09T22:15:49.000Z,49000,1,1,3,11,43.823483,-111.792128,1484.25,1.665,30.76,0.99,1.53,1.11,1,23.23,41.64,848.58,1464.45,1,-11.40,6.58,27.02,30.05,29.27,1,-0.068,9.419,-1.121,-0.047,0.041,0.089,-1.02,2.63
50,2026-09-09T22:15:50.000Z,50000,1,1,3,11,43.823490,-111.792123,1484.29,1.648,30.99,0.99,1.53,1.10,1,23.24,41.64,848.58,1464.50,1,-11.54,6.55,26.99,30.07,29.66,1,-0.015,9.404,-1.109,-0.010,0.062,0.059,-1.04,2.59
51,2026-09-09T22:15:51.000Z,51000,1,1,3,11,43.823498,-111.792118,1484.34,1.633,31.22,0.99,1.53,1.10,1,23.25,41.64,848.57,1464.56,1,-11.68,6.53,26.96,30.09,30.06,1,0.040,9.390,-1.099,0.028,0.083,0.027,-1.06,2.54
52,2026-09-09T22:15:52.000Z,52000,1,1,3,11,43.823505,-111.792113,1484.38,1.620,31.44,0.99,1.54,1.10,1,23.25,41.64,848.57,1464.62,1,-11.82,6.51,26.93,30.12,30.47,1,0.092,9.377,-1.091,0.065,0.103,-0.005,-1.09,2.49
53,2026-09-09T22:15:53.000Z,53000,1,1,3,11,43.823512,-111.792108,1484.42,1.608,31.65,0.99,1.54,1.09,1,23.26,41.64,848.56,1464.68,1,-11.97,6.50,26.89,30.14,30.88,1,0.139,9.367,-1.085,0.101,0.122,-0.038,-1.12,2.44
54,2026-09-09T22:15:54.000Z,54000,1,1,3,11,43.823520,-111.792103,1484.46,1.599,31.85,1.00,1.54,1.09,1,23.27,41.63,848.55,1464.73,1,-12.11,6.50,26.86,30.17,31.29,1,0.177,9.359,-1.081,0.135,0.140,-0.069,-1.14,2.40
55,2026-09-09T22:15:55.000Z,55000,1,1,3,11,43.823527,-111.792098,1484.49,1.593,32.04,1.00,1.54,1.08,1,23.28,41.63,848.55,1464.79,1,-12.27,6.51,26.82,30.20,31.70,1,0.204,9.353,-1.080,0.167,0.156,-0.098,-1.17,2.35
56,2026-09-09T22:15:56.000Z,56000,1,1,3,11,43.823534,-111.792094,1484.53,1.590,32.23,1.00,1.54,1.08,1,23.28,41.63,848.54,1464.85,1,-12.42,6.53,26.78,30.23,32.11,1,0.218,9.350,-1.081,0.197,0.171,-0.124,-1.20,2.31
57,2026-09-09T22:15:57.000Z,57000,1,1,3,11,43.823541,-111.792089,1484.57,1.589,32.40,1.00,1.54,1.07,1,23.29,41.63,848.54,1464.90,1,-12.58,6.56,26.74,30.27,32.50,1,0.219,9.350,-1.085,0.224,0.184,-0.145,-1.24,2.26
58,2026-09-09T22:15:58.000Z,58000,1,1,3,11,43.823549,-111.792084,1484.60,1.591,32.57,1.00,1.55,1.07,1,23.30,41.62,848.53,1464.95,1,-12.73,6.59,26.70,30.30,32.89,1,0.206,9.353,-1.091,0.247,0.195,-0.162,-1.27,2.22
59,2026-09-09T22:15:59.000Z,59000,1,1,3,11,43.823556,-111.792080,1484.63,1.595,32.73,1.00,1.55,1.07,1,23.30,41.62,848.53,1465.01,1,-12.89,6.63,26.65,30.34,33.27,1,0.180,9.358,-1.099,0.266,0.204,-0.174,-1.31,2.17
60,2026-09-09T22:16:00.000Z,60000,1,1,3,11,43.823563,-111.792075,1484.66,1.601,32.88,1.00,1.55,1.06,1,23.31,41.62,848.52,1465.06,1,-13.05,6.69,26.61,30.38,33.63,1,0.143,9.366,-1.110,0.281,0.211,-0.179,-1.34,2.13
61,2026-09-09T22:16:01.000Z,61000,1,1,3,11,43.823570,-111.792070,1484.69,1.609,33.02,1.00,1.55,1.06,1,23.32,41.61,848.51,1465.11,1,-13.21,6.75,26.56,30.42,33.97,1,0.097,9.376,-1.122,0.292,0.216,-0.179,-1.38,2.09
62,2026-09-09T22:16:02.000Z,62000,1,1,3,11,43.823577,-111.792066,1484.72,1.617,33.15,1.00,1.55,1.05,1,23.32,41.61,848.51,1465.16,1,-13.36,6.81,26.52,30.47,34.29,1,0.045,9.389,-1.135,0.298,0.219,-0.173,-1.42,2.05
63,2026-09-09T22:16:03.000Z,63000,1,1,3,11,43.823584,-111.792061,1484.75,1.625,33.27,1.00,1.55,1.05,1,23.33,41.61,848.50,1465.21,1,-13.52,6.89,26.47,30.51,34.58,1,-0.009,9.402,-1.151,0.300,0.220,-0.161,-1.46,2.01
64,2026-09-09T22:16:04.000Z,64000,1,1,3,11,43.823591,-111.792057,1484.77,1.633,33.38,1.00,1.55,1.04,1,23.33,41.60,848.49,1465.26,1,-13.67,6.97,26.42,30.56,34.86,1,-0.063,9.418,-1.167,0.297,0.219,-0.144,-1.50,1.97
65,2026-09-09T22:16:05.000Z,65000,1,1,3,11,43.823598,-111.792053,1484.80,1.640,33.49,1.00,1.55,1.04,1,23.34,41.60,848.49,1465.31,1,-13.83,7.06,26.37,30.60,35.10,1,-0.113,9.434,-1.183,0.289,0.215,-0.122,-1.54,1.93
66,2026-09-09T22:16:06.000Z,66000,1,1,3,11,43.823605,-111.792048,1484.82,1.645,33.58,1.00,1.55,1.03,1,23.34,41.59,848.48,1465.36,1,-13.98,7.16,26.32,30.65,35.31,1,-0.157,9.450,-1.200,0.277,0.209,-0.097,-1.58,1.89
67,2026-09-09T22:16:07.000Z,67000,1,1,3,11,43.823612,-111.792044,1484.84,1.647,33.66,1.00,1.55,1.03,1,23.35,41.59,848.47,1465.41,1,-14.13,7.26,26.27,30.70,35.50,1,-0.190,9.467,-1.218,0.260,0.201,-0.068,-1.62,1.86
68,2026-09-09T22:16:08.000Z,68000,1,1,3,11,43.823619,-111.792040,1484.86,1.648,33.74,1.00,1.55,1.03,1,23.35,41.58,848.47,1465.46,1,-14.27,7.37,26.22,30.75,35.65,1,-0.212,9.483,-1.234,0.240,0.191,-0.036,-1.67,1.82
69,2026-09-09T22:16:09.000Z,69000,1,1,3,11,43.823626,-111.792035,1484.88,1.645,33.80,1.00,1.55,1.02,1,23.35,41.58,848.46,1465.50,1,-14.41,7.48,26.17,30.80,35.77,1,-0.220,9.498,-1.250,0.215,0.179,-0.004,-1.71,1.79
70,2026-09-09T22:16:10.000Z,70000,1,1,3,11,43.823633,-111.792031,1484.90,1.639,33.86,1.00,1.55,1.02,1,23.36,41.57,848.45,1465.55,1,-14.55,7.60,26.12,30.85,35.86,1,-0.215,9.512,-1.265,0.187,0.166,0.029,-1.75,1.75
71,2026-09-09T22:16:11.000Z,71000,1,1,3,11,43.823639,-111.792027,1484.91,1.629,33.91,1.00,1.55,1.03,1,23.36,41.56,848.44,1465.59,1,-14.68,7.72,26.07,30.90,35.91,1,-0.196,9.524,-1.279,0.157,0.151,0.060,-1.80,1.72
72,2026-09-09T22:16:12.000Z,72000,1,1,3,11,43.823646,-111.792023,1484.93,1.616,33.94,1.00,1.55,1.03,1,23.36,41.56,848.44,1465.64,1,-14.81,7.85,26.01,30.95,35.92,1,-0.165,9.534,-1.291,0.124,0.134,0.090,-1.84,1.69
73,2026-09-09T22:16:13.000Z,73000,1,1,3,11,43.823653,-111.792019,1484.94,1.600,33.97,0.99,1.55,1.04,1,23.37,41.55,848.43,1465.68,1,-14.93,7.98,25.96,31.00,35.91,1,-0.124,9.542,-1.301,0.089,0.116,0.117,-1.89,1.66
74,2026-09-09T22:16:14.000Z,74000,1,1,3,11,43.823660,-111.792015,1484.95,1.580,33.99,0.99,1.55,1.04,1,23.37,41.54,848.42,1465.73,1,-15.05,8.12,25.91,31.04,35.86,1,-0.075,9.547,-1.309,0.052,0.096,0.140,-1.94,1.64
75,2026-09-09T22:16:15.000Z,75000,1,1,3,11,43.823666,-111.792011,1484.96,1.558,34.00,0.99,1.54,1.05,1,23.37,41.54,848.41,1465.77,1,-15.16,8.26,25.86,31.09,35.77,1,-0.022,9.550,-1.315,0.015,0.076,0.158,-1.98,1.61
76,2026-09-09T22:16:16.000Z,76000,1,1,3,11,43.823673,-111.792007,1484.97,1.534,34.00,0.99,1.54,1.05,1,23.37,41.53,848.40,1465.81,1,-15.27,8.40,25.81,31.14,35.66,1,0.033,9.549,-1.319,-0.023,0.055,0.171,-2.03,1.59
77,2026-09-09T22:16:17.000Z,77000,1,1,3,11,43.823680,-111.792003,1484.98,1.508,33.99,0.99,1.54,1.06,1,23.38,41.52,848.40,1465.85,1,-15.37,8.55,25.75,31.19,35.52,1,0.086,9.546,-1.320,-0.060,0.034,0.178,-2.07,1.56
78,2026-09-09T22:16:18.000Z,78000,1,1,3,11,43.823686,-111.791999,1484.99,1.481,33.97,0.99,1.54,1.06,1,23.38,41.51,848.39,1465.89,1,-15.46,8.69,25.70,31.23,35.34,1,0.133,9.541,-1.319,-0.096,0.012,0.180,-2.12,1.54
79,2026-09-09T22:16:19.000Z,79000,1,1,3,11,43.823693,-111.791995,1484.99,1.453,33.94,0.99,1.54,1.06,1,23.38,41.51,848.38,1465.93,1,-15.55,8.84,25.65,31.27,35.14,1,0.172,9.533,-1.315,-0.131,-0.010,0.175,-2.16,1.52
80,2026-09-09T22:16:20.000Z,80000,1,1,3,11,43.823699,-111.791992,1485.00,1.425,33.90,0.98,1.54,1.07,1,23.38,41.50,848.37,1465.97,1,-15.63,8.98,25.60,31.31,34.92,1,0.201,9.522,-1.309,-0.163,-0.032,0.165,-2.21,1.50
81,2026-09-09T22:16:21.000Z,81000,1,1,3,11,43.823706,-111.791988,1485.00,1.398,33.85,0.98,1.53,1.07,1,23.38,41.49,848.36,1466.01,1,-15.70,9.13,25.55,31.35,34.67,1,0.217,9.509,-1.301,-0.193,-0.054,0.150,-2.25,1.48
82,2026-09-09T22:16:22.000Z,82000,1,1,3,10,43.823712,-111.791984,1485.00,1.373,33.79,0.98,1.53,1.08,1,23.38,41.48,848.35,1466.05,1,-15.77,9.28,25.51,31.39,34.41,1,0.219,9.495,-1.290,-0.220,-0.075,0.129,-2.30,1.47
83,2026-09-09T22:16:23.000Z,83000,1,1,3,10,43.823719,-111.791981,1485.00,1.349,33.72,0.98,1.53,1.08,1,23.38,41.47,848.34,1466.08,1,-15.82,9.42,25.46,31.42,34.13,1,0.208,9.480,-1.278,-0.244,-0.095,0.104,-2.34,1.45
84,2026-09-09T22:16:24.000Z,84000,1,1,3,10,43.823725,-111.791977,1485.00,1.328,33.65,0.98,1.53,1.09,1,23.38,41.46,848.33,1466.12,1,-15.87,9.57,25.41,31.45,33.83,1,0.184,9.464,-1.264,-0.264,-0.114,0.076,-2.39,1.44
85,2026-09-09T22:16:25.000Z,85000,1,1,3,10,43.823732,-111.791974,1485.00,1.310,33.56,0.97,1.52,1.09,1,23.39,41.45,848.32,1466.15,1,-15.91,9.71,25.37,31.48,33.52,1,0.149,9.447,-1.249,-0.280,-0.132,0.045,-2.43,1.43
86,2026-09-09T22:16:26.000Z,86000,1,1,3,10,43.823738,-111.791970,1484.99,1.295,33.47,0.97,1.52,1.09,1,23.39,41.44,848.32,1466.19,1,-15.95,9.85,25.32,31.51,33.20,1,0.104,9.431,-1.233,-0.291,-0.149,0.013,-2.47,1.42
87,2026-09-09T22:16:27.000Z,87000,1,1,3,10,43.823744,-111.791967,1484.99,1.283,33.36,0.97,1.52,1.10,1,23.39,41.43,848.31,1466.22,1,-15.97,9.99,25.28,31.53,32.88,1,0.053,9.415,-1.216,-0.298,-0.165,-0.020,-2.51,1.41
88,2026-09-09T22:16:28.000Z,88000,1,1,3,10,43.823751,-111.791963,1484.98,1.274,33.25,0.97,1.52,1.10,1,23.39,41.42,848.30,1466.26,1,-15.99,10.12,25.24,31.55,32.55,1,-0.002,9.399,-1.199,-0.300,-0.178,-0.052,-2.55,1.41
89,2026-09-09T22:16:29.000Z,89000,1,1,3,10,43.823757,-111.791960,1484.98,1.268,33.12,0.96,1.51,1.11,1,23.38,41.41,848.29,1466.29,1,-16.00,10.25,25.20,31.56,32.23,1,-0.056,9.386,-1.182,-0.297,-0.190,-0.082,-2.59,1.40
90,2026-09-09T22:16:30.000Z,90000,1,1,3,10,43.823763,-111.791957,1484.97,1.265,32.99,0.96,1.51,1.11,1,23.38,41.40,848.28,1466.32,1,-16.00,10.37,25.16,31.57,31.90,1,-0.107,9.374,-1.166,-0.290,-0.200,-0.110,-2.63,1.40
91,2026-09-09T22:16:31.000Z,91000,1,1,3,10,43.823769,-111.791953,1484.96,1.264,32.85,0.96,1.51,1.12,1,23.38,41.38,848.27,1466.35,1,-15.99,10.49,25.13,31.58,31.58,1,-0.151,9.364,-1.150,-0.279,-0.208,-0.134,-2.67,1.40
92,2026-09-09T22:16:32.000Z,92000,1,1,3,10,43.823776,-111.791950,1484.95,1.265,32.70,0.95,1.50,1.12,1,23.38,41.37,848.26,1466.39,1,-15.97,10.61,25.09,31.58,31.27,1,-0.186,9.357,-1.135,-0.263,-0.214,-0.153,-2.70,1.40
93,2026-09-09T22:16:33.000Z,93000,1,1,3,10,43.823782,-111.791947,1484.93,1.268,32.54,0.95,1.50,1.12,1,23.38,41.36,848.25,1466.42,1,-15.95,10.72,25.06,31.58,30.96,1,-0.209,9.352,-1.121,-0.243,-0.218,-0.168,-2.74,1.40
94,2026-09-09T22:16:34.000Z,94000,1,1,3,10,43.823788,-111.791944,1484.92,1.271,32.37,0.95,1.50,1.13,1,23.38,41.35,848.24,1466.45,1,-15.92,10.82,25.03,31.57,30.66,1,-0.220,9.350,-1.109,-0.219,-0.220,-0.177,-2.77,1.41
95,2026-09-09T22:16:35.000Z,95000,1,1,3,10,43.823794,-111.791941,1484.91,1.275,32.19,0.94,1.49,1.13,1,23.38,41.34,848.23,1466.48,1,-15.88,10.92,25.00,31.56,30.38,1,-0.216,9.351,-1.099,-0.191,-0.219,-0.180,-2.80,1.41
96,2026-09-09T22:16:36.000Z,96000,1,1,3,10,43.823800,-111.791938,1484.89,1.278,32.00,0.94,1.49,1.13,1,23.38,41.32,848.22,1466.50,1,-15.83,11.01,24.97,31.55,30.11,1,-0.199,9.354,-1.091,-0.161,-0.217,-0.177,-2.83,1.42
97,2026-09-09T22:16:37.000Z,97000,1,1,3,10,43.823806,-111.791935,1484.88,1.281,31.81,0.94,1.48,1.14,1,23.38,41.31,848.21,1466.53,1,-15.77,11.09,24.94,31.53,29.86,1,-0.170,9.360,-1.085,-0.128,-0.212,-0.169,-2.86,1.43
98,2026-09-09T22:16:38.000Z,98000,1,1,3,10,43.823812,-111.791932,1484.86,1.282,31.61,0.93,1.48,1.14,1,23.37,41.30,848.20,1466.56,1,-15.71,11.17,24.92,31.50,29.62,1,-0.130,9.369,-1.081,-0.093,-0.205,-0.154,-2.89,1.44
99,2026-09-09T22:16:39.000Z,99000,1,1,3,10,43.823818,-111.791929,1484.84,1.281,31.39,0.93,1.48,1.15,1,23.37,41.28,848.19,1466.59,1,-15.64,11.24,24.90,31.48,29.39,1,-0.082,9.380,-1.080,-0.057,-0.196,-0.135,-2.92,1.45
100,2026-09-09T22:16:40.000Z,100000,1,1,3,10,43.823824,-111.791927,1484.82,1.277,31.17,0.93,1.47,1.15,1,23.37,41.27,848.18,1466.61,1,-15.56,11.30,24.88,31.44,29.19,1,-0.029,9.393,-1.081,-0.020,-0.185,-0.111,-2.94,1.47
101,2026-09-09T22:16:41.000Z,101000,1,1,3,10,43.823830,-111.791924,1484.80,1.271,30.94,0.92,1.47,1.15,1,23.37,41.25,848.17,1466.64,1,-15.47,11.36,24.86,31.41,29.00,1,0.026,9.407,-1.085,0.018,-0.172,-0.084,-2.96,1.48
102,2026-09-09T22:16:42.000Z,102000,1,1,3,10,43.823836,-111.791921,1484.78,1.262,30.71,0.92,1.46,1.16,1,23.37,41.24,848.16,1466.66,1,-15.38,11.40,24.85,31.36,28.82,1,0.079,9.422,-1.091,0.055,-0.157,-0.054,-2.98,1.50
103,2026-09-09T22:16:43.000Z,103000,1,1,3,10,43.823842,-111.791919,1484.76,1.250,30.46,0.92,1.46,1.16,1,23.36,41.23,848.15,1466.69,1,-15.28,11.44,24.83,31.32,28.66,1,0.127,9.439,-1.099,0.091,-0.141,-0.022,-3.00,1.52
104,2026-09-09T22:16:44.000Z,104000,1,1,3,10,43.823848,-111.791916,1484.73,1.235,30.21,0.91,1.45,1.16,1,23.36,41.21,848.13,1466.71,1,-15.17,11.47,24.82,31.27,28.51,1,0.168,9.455,-1.110,0.126,-0.123,0.011,-3.02,1.54
105,2026-09-09T22:16:45.000Z,105000,1,1,3,10,43.823853,-111.791914,1484.71,1.217,29.95,0.91,1.45,1.17,1,23.36,41.19,848.12,1466.74,1,-15.06,11.49,24.81,31.22,28.38,1,0.198,9.472,-1.122,0.159,-0.105,0.043,-3.04,1.56
106,2026-09-09T22:16:46.000Z,106000,1,1,3,10,43.823859,-111.791911,1484.69,1.197,29.68,0.90,1.44,1.17,1,23.36,41.18,848.11,1466.76,1,-14.94,11.50,24.81,31.16,28.26,1,0.215,9.488,-1.136,0.189,-0.085,0.074,-3.05,1.58
107,2026-09-09T22:16:47.000Z,107000,1,1,3,10,43.823865,-111.791909,1484.66,1.175,29.40,0.90,1.44,1.17,1,23.35,41.16,848.10,1466.78,1,-14.82,11.50,24.80,31.10,28.15,1,0.220,9.503,-1.151,0.217,-0.064,0.102,-3.06,1.61
108,2026-09-09T22:16:48.000Z,108000,1,1,3,10,43.823871,-111.791906,1484.63,1.151,29.12,0.90,1.43,1.17,1,23.35,41.15,848.09,1466.81,1,-14.69,11.49,24.80,31.03,28.04,1,0.210,9.516,-1.167,0.241,-0.043,0.127,-3.08,1.63
109,2026-09-09T22:16:49.000Z,109000,1,1,3,10,43.823876,-111.791904,1484.61,1.126,28.83,0.89,1.43,1.18,1,23.35,41.13,848.08,1466.83,1,-14.56,11.48,24.80,30.96,27.95,1,0.188,9.528,-1.184,0.262,-0.021,0.148,-3.08,1.66
110,2026-09-09T22:16:50.000Z,110000,1,1,3,10,43.823882,-111.791902,1484.58,1.101,28.53,0.89,1.42,1.18,1,23.35,41.11,848.07,1466.85,1,-14.42,11.46,24.80,30.89,27.85,1,0.154,9.537,-1.201,0.278,0.001,0.164,-3.09,1.69
111,2026-09-09T22:16:51.000Z,111000,1,1,3,10,43.823888,-111.791899,1484.55,1.077,28.22,0.88,1.42,1.18,1,23.34,41.10,848.06,1466.87,1,-14.28,11.42,24.81,30.82,27.76,1,0.110,9.544,-1.218,0.290,0.023,0.175,-3.10,1.72
112,2026-09-09T22:16:52.000Z,112000,0,0,0,0,,,,,,,,,1,23.34,41.08,848.05,1466.89,1,-14.14,11.38,24.81,30.74,27.66,1,0.060,9.548,-1.235,0.297,0.045,0.180,-3.10,1.75
113,2026-09-09T22:16:53.000Z,113000,0,0,0,0,,,,,,,,,1,23.34,41.06,848.04,1466.91,1,-13.99,11.34,24.82,30.67,27.57,1,0.005,9.550,-1.251,0.300,0.066,0.179,-3.10,1.78
114,2026-09-09T22:16:54.000Z,114000,0,0,0,0,,,,,,,,,1,23.33,41.05,848.03,1466.93,1,-13.84,11.28,24.84,30.59,27.46,1,-0.049,9.549,-1.266,0.298,0.087,0.172,-3.10,1.81
115,2026-09-09T22:16:55.000Z,115000,0,0,0,0,,,,,,,,,1,23.33,41.03,848.02,1466.95,1,-13.69,11.22,24.85,30.51,27.35,1,-0.101,9.545,-1.279,0.292,0.106,0.159,-3.10,1.85
116,2026-09-09T22:16:56.000Z,116000,0,0,0,0,,,,,,,,,1,23.33,41.01,848.01,1466.97,1,-13.53,11.14,24.87,30.42,27.22,1,-0.146,9.539,-1.291,0.280,0.125,0.141,-3.09,1.88
117,2026-09-09T22:16:57.000Z,117000,0,0,0,0,,,,,,,,,1,23.32,40.99,847.99,1466.99,1,-13.37,11.06,24.88,30.34,27.08,1,-0.182,9.530,-1.301,0.265,0.142,0.118,-3.09,1.92
118,2026-09-09T22:16:58.000Z,118000,0,0,0,0,,,,,,,,,1,23.32,40.97,847.98,1467.00,1,-13.22,10.98,24.90,30.26,26.93,1,-0.207,9.518,-1.309,0.245,0.158,0.092,-3.08,1.96
119,2026-09-09T22:16:59.000Z,119000,1,1,3,9,43.823932,-111.791883,1484.29,0.959,25.53,0.85,1.38,1.20,1,23.32,40.96,847.97,1467.02,1,-13.06,10.88,24.93,30.17,26.75,1,-0.219,9.505,-1.315,0.222,0.173,0.063,-3.07,2.00
120,2026-09-09T22:17:00.000Z,120000,1,1,3,9,43.823938,-111.791882,1484.26,0.959,25.17,0.85,1.37,1.20,1,23.31,40.94,847.96,1467.04,1,-12.90,10.78,24.95,30.09,26.55,1,-0.217,9.491,-1.319,0.195,0.186,0.031,-3.05,2.04
121,2026-09-09T22:17:01.000Z,121000,1,1,3,9,43.823943,-111.791880,1484.22,0.962,24.80,0.84,1.36,1.20,1,23.31,40.92,847.95,1467.06,1,-12.74,10.68,24.98,30.00,26.34,1,-0.202,9.475,-1.320,0.165,0.197,-0.002,-3.04,2.08
122,2026-09-09T22:17:02.000Z,122000,1,1,3,9,43.823948,-111.791878,1484.19,0.968,24.42,0.84,1.36,1.21,1,23.31,40.90,847.94,1467.07,1,-12.59,10.57,25.00,29.92,26.09,1,-0.174,9.459,-1.319,0.133,0.205,-0.034,-3.03,2.12
123,2026-09-09T22:17:03.000Z,123000,1,1,3,9,43.823954,-111.791876,1484.15,0.977,24.04,0.83,1.35,1.21,1,23.30,40.88,847.93,1467.09,1,-12.43,10.45,25.03,29.84,25.82,1,-0.136,9.442,-1.315,0.098,0.212,-0.066,-3.01,2.16
124,2026-09-09T22:17:04.000Z,124000,1,1,3,9,43.823959,-111.791875,1484.12,0.988,23.65,0.83,1.35,1.21,1,23.30,40.86,847.92,1467.11,1,-12.28,10.33,25.07,29.76,25.53,1,-0.089,9.426,-1.309,0.062,0.217,-0.095,-2.99,2.21
125,2026-09-09T22:17:05.000Z,125000,1,1,3,9,43.823964,-111.791873,1484.08,1.000,23.26,0.82,1.34,1.21,1,23.30,40.84,847.91,1467.12,1,-12.13,10.20,25.10,29.68,25.20,1,-0.036,9.410,-1.300,0.025,0.220,-0.121,-2.97,2.25
126,2026-09-09T22:17:06.000Z,126000,1,1,3,9,43.823970,-111.791872,1484.04,1.013,22.87,0.82,1.34,1.21,1,23.30,40.82,847.90,1467.14,1,-11.98,10.07,25.14,29.61,24.85,1,0.018,9.395,-1.290,-0.013,0.220,-0.143,-2.94,2.30
127,2026-09-09T22:17:07.000Z,127000,1,1,3,9,43.823975,-111.791870,1484.01,1.027,22.47,0.83,1.33,1.21,1,23.29,40.80,847.89,1467.15,1,-11.83,9.94,25.17,29.53,24.46,1,0.072,9.382,-1.278,-0.050,0.218,-0.160,-2.92,2.34
128,2026-09-09T22:17:08.000Z,128000,1,1,3,9,43.823980,-111.791869,1483.97,1.040,22.06,0.83,1.32,1.21,1,23.29,40.78,847.88,1467.17,1,-11.69,9.80,25.21,29.46,24.05,1,0.121,9.371,-1.264,-0.086,0.214,-0.173,-2.89,2.39
129,2026-09-09T22:17:09.000Z,129000,1,1,3,9,43.823986,-111.791868,1483.93,1.051,21.65,0.83,1.32,1.22,1,23.29,40.76,847.87,1467.19,1,-11.55,9.66,25.25,29.40,23.61,1,0.163,9.362,-1.249,-0.122,0.208,-0.179,-2.87,2.43
130,2026-09-09T22:17:10.000Z,130000,1,1,3,9,43.823991,-111.791866,1483.90,1.062,21.24,0.84,1.31,1.22,1,23.28,40.74,847.85,1467.20,1,-11.41,9.51,25.29,29.33,23.14,1,0.194,9.355,-1.233,-0.155,0.200,-0.180,-2.84,2.48
131,2026-09-09T22:17:11.000Z,131000,1,1,3,9,43.823996,-111.791865,1483.86,1.070,20.82,0.84,1.31,1.22,1,23.28,40.71,847.84,1467.21,1,-11.28,9.37,25.33,29.27,22.65,1,0.214,9.351,-1.216,-0.186,0.189,-0.174,-2.81,2.53
132,2026-09-09T22:17:12.000Z,132000,1,1,3,9,43.824001,-111.791864,1483.82,1.076,20.40,0.85,1.30,1.22,1,23.28,40.69,847.83,1467.23,1,-11.15,9.22,25.38,29.21,22.12,1,0.220,9.350,-1.199,-0.214,0.177,-0.163,-2.78,2.58
133,2026-09-09T22:17:13.000Z,133000,1,1,3,9,43.824006,-111.791863,1483.78,1.080,19.97,0.85,1.31,1.22,1,23.28,40.67,847.82,1467.24,1,-11.03,9.08,25.42,29.16,21.57,1,0.212,9.352,-1.182,-0.238,0.163,-0.147,-2.74,2.62
134,2026-09-09T22:17:14.000Z,134000,1,1,3,9,43.824012,-111.791862,1483.74,1.081,19.54,0.86,1.31,1.22,1,23.27,40.65,847.81,1467.26,1,-10.91,8.93,25.47,29.11,21.00,1,0.192,9.356,-1.165,-0.259,0.148,-0.125,-2.71,2.67
135,2026-09-09T22:17:15.000Z,135000,1,1,3,9,43.824017,-111.791860,1483.71,1.079,19.11,0.86,1.32,1.22,1,23.27,40.63,847.80,1467.27,1,-10.80,8.78,25.52,29.07,20.41,1,0.159,9.363,-1.149,-0.276,0.131,-0.100,-2.67,2.72
136,2026-09-09T22:17:16.000Z,136000,1,1,3,9,43.824022,-111.791859,1483.67,1.074,18.67,0.87,1.32,1.22,1,23.27,40.61,847.79,1467.29,1,-10.70,8.64,25.57,29.03,19.80,1,0.116,9.372,-1.134,-0.288,0.113,-0.071,-2.64,2.77
137,2026-09-09T22:17:17.000Z,137000,1,1,3,9,43.824027,-111.791858,1483.63,1.067,18.24,0.87,1.33,1.22,1,23.27,40.58,847.78,1467.30,1,-10.60,8.49,25.61,28.99,19.17,1,0.067,9.383,-1.121,-0.296,0.093,-0.040,-2.60,2.82
138,2026-09-09T22:17:18.000Z,138000,1,1,3,9,43.824032,-111.791857,1483.59,1.058,17.80,0.87,1.34,1.22,1,23.26,40.56,847.77,1467.31,1,-10.51,8.35,25.66,28.96,18.53,1,0.013,9.397,-1.109,-0.300,0.073,-0.008,-2.56,2.86
139,2026-09-09T22:17:19.000Z,139000,1,1,3,9,43.824037,-111.791857,1483.55,1.048,17.35,0.88,1.34,1.22,1,23.26,40.54,847.76,1467.33,1,-10.42,8.21,25.72,28.94,17.87,1,-0.042,9.411,-1.099,-0.299,0.052,0.025,-2.52,2.91
140,2026-09-09T22:17:20.000Z,140000,1,1,3,9,43.824042,-111.791856,1483.52,1.036,16.91,0.88,1.35,1.22,1,23.26,40.52,847.75,1467.34,1,-10.35,8.07,25.77,28.91,17.21,1,-0.094,9.427,-1.090,-0.293,0.030,0.057,-2.48,2.96
141,2026-09-09T22:17:21.000Z,141000,1,1,3,9,43.824047,-111.791855,1483.48,1.024,16.46,0.89,1.35,1.22,1,23.26,40.49,847.74,1467.36,1,-10.28,7.93,25.82,28.90,16.54,1,-0.140,9.444,-1.085,-0.282,0.008,0.087,-2.44,3.01
142,2026-09-09T22:17:22.000Z,142000,1,1,3,9,43.824053,-111.791854,1483.44,1.012,16.01,0.89,1.36,1.22,1,23.26,40.47,847.73,1467.37,1,-10.21,7.80,25.87,28.89,15.87,1,-0.178,9.460,-1.081,-0.267,-0.014,0.114,-2.39,3.06
143,2026-09-09T22:17:23.000Z,143000,1,1,3,9,43.824058,-111.791853,1483.40,1.001,15.56,0.90,1.37,1.22,1,23.25,40.45,847.72,1467.38,1,-10.16,7.68,25.92,28.88,15.20,1,-0.204,9.477,-1.080,-0.248,-0.036,0.137,-2.35,3.10
144,2026-09-09T22:17:24.000Z,144000,1,1,3,9,43.824063,-111.791853,1483.37,0.992,15.10,0.90,1.37,1.22,1,23.25,40.43,847.71,1467.40,1,-10.11,7.55,25.97,28.88,14.53,1,-0.218,9.492,-1.081,-0.225,-0.057,0.156,-2.31,3.15
145,2026-09-09T22:17:25.000Z,145000,1,1,3,9,43.824068,-111.791852,1483.33,0.984,14.65,0.90,1.38,1.22,1,23.25,40.40,847.70,1467.41,1,-10.07,7.44,26.03,28.88,13.87,1,-0.218,9.507,-1.085,-0.199,-0.078,0.170,-2.26,3.20
146,2026-09-09T22:17:26.000Z,146000,1,1,3,9,43.824073,-111.791851,1483.29,0.979,14.19,0.91,1.38,1.22,1,23.25,40.38,847.69,1467.43,1,-10.04,7.32,26.08,28.89,13.21,1,-0.205,9.520,-1.091,-0.169,-0.098,0.178,-2.22,3.24
147,2026-09-09T22:17:27.000Z,147000,1,1,3,9,43.824078,-111.791851,1483.26,0.977,13.74,0.91,1.39,1.22,1,23.25,40.36,847.69,1467.44,1,-10.02,7.22,26.13,28.90,12.57,1,-0.179,9.531,-1.100,-0.137,-0.117,0.180,-2.17,3.29
148,2026-09-09T22:17:28.000Z,148000,1,1,3,9,43.824083,-111.791850,1483.22,0.978,13.28,0.92,1.39,1.22,1,23.25,40.33,847.68,1467.45,1,-10.01,7.12,26.18,28.92,11.94,1,-0.142,9.539,-1.110,-0.103,-0.135,0.176,-2.13,3.33
149,2026-09-09T22:17:29.000Z,149000,1,1,3,9,43.824088,-111.791850,1483.19,0.983,12.82,0.92,1.40,1.21,1,23.25,40.31,847.67,1467.47,1,-10.00,7.03,26.23,28.94,11.32,1,-0.096,9.546,-1.122,-0.067,-0.152,0.167,-2.08,3.38
150,2026-09-09T22:17:30.000Z,150000,1,1,3,9,43.824093,-111.791849,1483.15,0.991,12.37,0.92,1.40,1.21,1,23.25,40.28,847.66,1467.48,1,-10.00,6.94,26.28,28.97,10.73,1,-0.044,9.549,-1.136,-0.030,-0.167,0.152,-2.04,3.42
151,2026-09-09T22:17:31.000Z,151000,1,1,3,9,43.824098,-111.791849,1483.12,1.003,11.91,0.93,1.41,1.21,1,23.25,40.26,847.65,1467.50,1,-10.01,6.86,26.33,29.00,10.15,1,0.011,9.550,-1.151,0.008,-0.181,0.132,-1.99,3.46
152,2026-09-09T22:17:32.000Z,152000,1,1,3,9,43.824103,-111.791849,1483.08,1.018,11.45,0.93,1.41,1.21,1,23.25,40.24,847.64,1467.51,1,-10.03,6.79,26.38,29.03,9.60,1,0.065,9.548,-1.167,0.045,-0.192,0.107,-1.94,3.51
153,2026-09-09T22:17:33.000Z,153000,1,1,3,9,43.824107,-111.791848,1483.05,1.036,10.99,0.93,1.42,1.21,1,23.25,40.21,847.63,1467.53,1,-10.06,6.72,26.43,29.07,9.07,1,0.115,9.543,-1.184,0.082,-0.202,0.079,-1.90,3.55
154,2026-09-09T22:17:34.000Z,154000,1,1,3,9,43.824112,-111.791848,1483.02,1.057,10.53,0.94,1.43,1.21,1,23.25,40.19,847.62,1467.54,1,-10.09,6.67,26.48,29.11,8.56,1,0.158,9.536,-1.201,0.117,-0.210,0.049,-1.85,3.59
155,2026-09-09T22:17:35.000Z,155000,1,1,3,9,43.824117,-111.791848,1482.98,1.080,10.08,0.94,1.43,1.21,1,23.25,40.16,847.61,1467.56,1,-10.14,6.62,26.53,29.16,8.08,1,0.191,9.526,-1.218,0.150,-0.215,0.017,-1.81,3.63
156,2026-09-09T22:17:36.000Z,156000,1,1,3,9,43.824122,-111.791848,1482.95,1.104,9.62,0.94,1.44,1.20,1,23.25,40.14,847.61,1467.57,1,-10.19,6.58,26.57,29.21,7.62,1,0.212,9.515,-1.235,0.182,-0.219,-0.016,-1.76,3.67
157,2026-09-09T22:17:37.000Z,157000,1,1,3,9,43.824127,-111.791847,1482.92,1.130,9.16,0.95,1.44,1.20,1,23.25,40.12,847.60,1467.59,1,-10.25,6.54,26.62,29.27,7.19,1,0.220,9.501,-1.251,0.210,-0.220,-0.048,-1.72,3.70
158,2026-09-09T22:17:38.000Z,158000,1,1,3,9,43.824132,-111.791847,1482.89,1.156,8.71,0.95,1.45,1.20,1,23.25,40.09,847.59,1467.60,1,-10.31,6.52,26.66,29.32,6.79,1,0.214,9.486,-1.266,0.235,-0.219,-0.079,-1.67,3.74
159,2026-09-09T22:17:39.000Z,159000,1,1,3,9,43.824137,-111.791847,1482.86,1.181,8.26,0.95,1.45,1.20,1,23.25,40.07,847.58,1467.62,1,-10.39,6.51,26.71,29.39,6.41,1,0.195,9.470,-1.279,0.256,-0.216,-0.107,-1.63,3.77
160,2026-09-09T22:17:40.000Z,160000,1,1,3,9,43.824142,-111.791847,1482.83,1.206,7.81,0.96,1.45,1.20,1,23.25,40.04,847.57,1467.64,1,-10.47,6.50,26.75,29.45,6.05,1,0.164,9.454,-1.291,0.274,-0.211,-0.131,-1.59,3.81
161,2026-09-09T22:17:41.000Z,161000,1,1,3,9,43.824147,-111.791847,1482.80,1.229,7.36,0.96,1.46,1.19,1,23.25,40.02,847.57,1467.65,1,-10.56,6.50,26.79,29.52,5.72,1,0.123,9.437,-1.302,0.287,-0.203,-0.151,-1.55,3.84
162,2026-09-09T22:17:42.000Z,162000,1,1,3,9,43.824152,-111.791847,1482.78,1.250,6.91,0.96,1.46,1.19,1,23.26,39.99,847.56,1467.67,1,-10.65,6.51,26.83,29.59,5.41,1,0.074,9.421,-1.310,0.296,-0.194,-0.166,-1.50,3.87
163,2026-09-09T22:17:43.000Z,163000,1,1,3,9,43.824157,-111.791847,1482.75,1.268,6.47,0.96,1.47,1.19,1,23.26,39.97,847.55,1467.69,1,-10.75,6.53,26.86,29.67,5.12,1,0.020,9.405,-1.315,0.300,-0.183,-0.176,-1.46,3.90
164,2026-09-09T22:17:44.000Z,164000,1,1,3,9,43.824162,-111.791847,1482.72,1.284,6.02,0.97,1.47,1.19,1,23.26,39.94,847.54,1467.71,1,-10.86,6.56,26.90,29.74,4.85,1,-0.035,9.391,-1.319,0.299,-0.169,-0.180,-1.42,3.93
165,2026-09-09T22:17:45.000Z,165000,1,1,3,9,43.824167,-111.791847,1482.70,1.297,5.58,0.97,1.48,1.18,1,23.26,39.92,847.54,1467.72,1,-10.98,6.60,26.93,29.82,4.60,1,-0.088,9.379,-1.320,0.294,-0.155,-0.178,-1.39,3.96
166,2026-09-09T22:17:46.000Z,166000,1,1,3,9,43.824172,-111.791847,1482.67,1.307,5.15,0.97,1.48,1.18,1,23.27,39.89,847.53,1467.74,1,-11.10,6.64,26.96,29.91,4.36,1,-0.135,9.368,-1.319,0.284,-0.138,-0.170,-1.35,3.99
167,2026-09-09T22:17:47.000Z,167000,1,1,3,9,43.824177,-111.791848,1482.65,1.314,4.71,0.97,1.49,1.18,1,23.27,39.87,847.52,1467.76,1,-11.22,6.70,27.00,29.99,4.13,1,-0.174,9.360,-1.315,0.270,-0.120,-0.156,-1.31,4.01
168,2026-09-09T22:17:48.000Z,168000,1,1,3,9,43.824181,-111.791848,1482.63,1.318,4.28,0.98,1.49,1.18,1,23.27,39.84,847.51,1467.78,1,-11.35,6.76,27.02,30.08,3.92,1,-0.202,9.354,-1.309,0.251,-0.101,-0.138,-1.28,4.04
169,2026-09-09T22:17:49.000Z,169000,1,1,3,9,43.824186,-111.791848,1482.61,1.319,3.86,0.98,1.49,1.17,1,23.28,39.82,847.51,1467.80,1,-11.48,6.83,27.05,30.17,3.71,1,-0.217,9.351,-1.300,0.229,-0.081,-0.114,-1.24,4.06
170,2026-09-09T22:17:50.000Z,170000,1,1,3,9,43.824191,-111.791848,1482.59,1.319,3.43,0.98,1.50,1.17,1,23.28,39.79,847.50,1467.82,1,-11.62,6.90,27.07,30.26,3.51,1,-0.219,9.350,-1.290,0.203,-0.061,-0.087,-1.21,4.08
171,2026-09-09T22:17:51.000Z,171000,1,1,3,9,43.824196,-111.791849,1482.57,1.317,3.01,0.98,1.50,1.17,1,23.28,39.77,847.49,1467.84,1,-11.76,6.99,27.10,30.35,3.31,1,-0.208,9.353,-1.278,0.173,-0.039,-0.057,-1.18,4.10
172,2026-09-09T22:17:52.000Z,172000,1,1,3,9,43.824201,-111.791849,1482.55,1.314,2.59,0.98,1.50,1.16,1,23.29,39.75,847.49,1467.86,1,-11.91,7.08,27.12,30.45,3.11,1,-0.183,9.358,-1.264,0.141,-0.017,-0.026,-1.15,4.11
173,2026-09-09T22:17:53.000Z,173000,1,1,3,9,43.824206,-111.791849,1482.53,1.310,2.18,0.99,1.51,1.16,1,23.29,39.72,847.48,1467.88,1,-12.06,7.17,27.13,30.55,2.91,1,-0.147,9.365,-1.249,0.107,0.005,0.007,-1.12,4.13
174,2026-09-09T22:17:54.000Z,174000,1,1,3,9,43.824211,-111.791850,1482.51,1.307,1.77,0.99,1.51,1.16,1,23.30,39.70,847.48,1467.90,1,-12.21,7.28,27.15,30.65,2.70,1,-0.102,9.375,-1.233,0.072,0.027,0.039,-1.09,4.14
175,2026-09-09T22:17:55.000Z,175000,1,1,3,9,43.824216,-111.791850,1482.50,1.304,1.37,0.99,1.51,1.15,1,23.30,39.67,847.47,1467.92,1,-12.36,7.39,27.16,30.75,2.49,1,-0.051,9.387,-1.216,0.035,0.048,0.070,-1.07,4.16
176,2026-09-09T22:17:56.000Z,176000,1,1,3,9,43.824221,-111.791850,1482.48,1.303,0.97,0.99,1.52,1.15,1,23.31,39.65,847.46,1467.95,1,-12.52,7.50,27.18,30.85,2.27,1,0.004,9.401,-1.199,-0.003,0.069,0.099,-1.05,4.17
177,2026-09-09T22:17:57.000Z,177000,1,1,3,9,43.824226,-111.791851,1482.47,1.304,0.58,0.99,1.52,1.15,1,23.31,39.62,847.46,1467.97,1,-12.67,7.62,27.18,30.95,2.04,1,0.058,9.416,-1.182,-0.040,0.090,0.125,-1.02,4.18
178,2026-09-09T22:17:58.000Z,178000,1,1,3,9,43.824231,-111.791851,1482.46,1.307,0.19,0.99,1.52,1.14,1,23.32,39.60,847.45,1467.99,1,-12.83,7.75,27.19,31.05,1.79,1,0.109,9.432,-1.165,-0.077,0.110,0.146,-1.00,4.19
179,2026-09-09T22:17:59.000Z,179000,1,1,3,10,43.824236,-111.791852,1482.45,1.313,359.80,0.99,1.53,1.14,1,23.32,39.57,847.45,1468.02,1,-12.99,7.88,27.20,31.15,1.53,1,0.153,9.449,-1.149,-0.112,0.128,0.163,-0.98,4.19
180,2026-09-09T22:18:00.000Z,180000,1,1,3,10,43.824241,-111.791852,1482.44,1.321,359.43,1.00,1.53,1.14,1,23.33,39.55,847.44,1468.04,1,-13.15,8.01,27.20,31.25,1.25,1,0.187,9.465,-1.134,-0.146,0.145,0.174,-0.97,4.20
181,2026-09-09T22:18:01.000Z,181000,1,1,3,10,43.824246,-111.791853,1482.43,1.333,359.05,1.00,1.53,1.13,1,23.34,39.52,847.44,1468.07,1,-13.30,8.15,27.20,31.36,0.96,1,0.210,9.482,-1.120,-0.178,0.161,0.179,-0.95,4.20
182,2026-09-09T22:18:02.000Z,182000,1,1,3,10,43.824251,-111.791853,1482.42,1.348,358.68,1.00,1.53,1.13,1,23.34,39.50,847.43,1468.09,1,-13.46,8.29,27.20,31.46,0.65,1,0.220,9.497,-1.108,-0.206,0.175,0.179,-0.94,4.20
183,2026-09-09T22:18:03.000Z,183000,1,1,3,10,43.824256,-111.791854,1482.42,1.366,358.32,1.00,1.53,1.13,1,23.35,39.47,847.43,1468.12,1,-13.62,8.43,27.19,31.56,0.32,1,0.216,9.511,-1.098,-0.232,0.188,0.173,-0.93,4.20
184,2026-09-09T22:18:04.000Z,184000,1,1,3,10,43.824261,-111.791854,1482.41,1.387,357.97,1.00,1.54,1.12,1,23.36,39.45,847.42,1468.14,1,-13.77,8.57,27.19,31.66,359.97,1,0.198,9.523,-1.090,-0.254,0.198,0.161,-0.92,4.20
185,2026-09-09T22:18:05.000Z,185000,1,1,3,10,43.824266,-111.791855,1482.41,1.410,357.62,1.00,1.54,1.12,1,23.36,39.43,847.42,1468.17,1,-13.92,8.72,27.18,31.76,359.60,1,0.169,9.534,-1.085,-0.272,0.207,0.143,-0.91,4.19
186,2026-09-09T22:18:06.000Z,186000,1,1,3,10,43.824271,-111.791856,1482.40,1.435,357.27,1.00,1.54,1.11,1,23.37,39.40,847.41,1468.20,1,-14.07,8.86,27.17,31.85,359.21,1,0.129,9.541,-1.081,-0.286,0.213,0.121,-0.91,4.19
187,2026-09-09T22:18:07.000Z,187000,1,1,3,10,43.824276,-111.791856,1482.40,1.461,356.94,1.00,1.54,1.11,1,23.38,39.38,847.41,1468.23,1,-14.22,9.01,27.15,31.95,358.81,1,0.080,9.547,-1.080,-0.295,0.218,0.095,-0.90,4.18
188,2026-09-09T22:18:08.000Z,188000,1,1,3,10,43.824281,-111.791857,1482.40,1.488,356.61,1.00,1.54,1.11,1,23.39,39.35,847.40,1468.26,1,-14.36,9.16,27.14,32.04,358.39,1,0.027,9.550,-1.081,-0.299,0.220,0.066,-0.90,4.17
189,2026-09-09T22:18:09.000Z,189000,1,1,3,10,43.824286,-111.791858,1482.40,1.516,356.28,1.00,1.54,1.10,1,23.40,39.33,847.40,1468.28,1,-14.50,9.30,27.12,32.13,357.95,1,-0.028,9.550,-1.085,-0.299,0.220,0.035,-0.90,4.16
190,2026-09-09T22:18:10.000Z,190000,1,1,3,10,43.824291,-111.791858,1482.41,1.542,355.96,1.00,1.55,1.10,1,23.40,39.31,847.40,1468.31,1,-14.63,9.45,27.10,32.22,357.51,1,-0.081,9.547,-1.091,-0.295,0.218,0.002,-0.90,4.15
191,2026-09-09T22:18:11.000Z,191000,1,1,3,10,43.824297,-111.791859,1482.41,1.568,355.65,1.00,1.55,1.09,1,23.41,39.28,847.39,1468.35,1,-14.76,9.59,27.08,32.30,357.04,1,-0.129,9.541,-1.100,-0.285,0.213,-0.030,-0.91,4.14
192,2026-09-09T22:18:12.000Z,192000,1,1,3,10,43.824302,-111.791860,1482.42,1.592,355.35,1.00,1.55,1.09,1,23.42,39.26,847.39,1468.38,1,-14.89,9.74,27.06,32.38,356.57,1,-0.169,9.533,-1.110,-0.272,0.207,-0.062,-0.91,4.12
193,2026-09-09T22:18:13.000Z,193000,1,1,3,10,43.824307,-111.791861,1482.42,1.613,355.05,1.00,1.55,1.08,1,23.43,39.23,847.38,1468.41,1,-15.01,9.87,27.03,32.46,356.09,1,-0.199,9.523,-1.122,-0.254,0.198,-0.092,-0.92,4.10
194,2026-09-09T22:18:14.000Z,194000,1,1,3,10,43.824312,-111.791861,1482.43,1.632,354.77,1.00,1.55,1.08,1,23.44,39.21,847.38,1468.44,1,-15.12,10.01,27.00,32.53,355.61,1,-0.216,9.511,-1.136,-0.232,0.188,-0.118,-0.93,4.09
195,2026-09-09T22:18:15.000Z,195000,1,1,3,10,43.824317,-111.791862,1482.44,1.647,354.48,1.00,1.55,1.08,1,23.45,39.19,847.38,1468.47,1,-15.23,10.14,26.97,32.60,355.12,1,-0.220,9.497,-1.151,-0.206,0.175,-0.141,-0.94,4.07
196,2026-09-09T22:18:16.000Z,196000,1,1,3,10,43.824323,-111.791863,1482.45,1.660,354.21,1.00,1.55,1.07,1,23.46,39.16,847.37,1468.51,1,-15.33,10.27,26.94,32.66,354.63,1,-0.210,9.481,-1.167,-0.177,0.161,-0.159,-0.95,4.04
197,2026-09-09T22:18:17.000Z,197000,1,1,3,10,43.824328,-111.791864,1482.46,1.669,353.95,1.00,1.55,1.07,1,23.47,39.14,847.37,1468.54,1,-15.43,10.40,26.91,32.71,354.15,1,-0.187,9.465,-1.184,-0.146,0.145,-0.171,-0.97,4.02
198,2026-09-09T22:18:18.000Z,198000,1,1,3,10,43.824333,-111.791864,1482.47,1.674,353.69,0.99,1.55,1.06,1,23.48,39.12,847.37,1468.58,1,-15.52,10.52,26.87,32.77,353.67,1,-0.152,9.449,-1.201,-0.112,0.128,-0.179,-0.99,4.00
199,2026-09-09T22:18:19.000Z,199000,1,1,3,10,43.824338,-111.791865,1482.49,1.676,353.44,0.99,1.55,1.06,1,23.49,39.10,847.36,1468.61,1,-15.60,10.63,26.84,32.81,353.20,1,-0.108,9.432,-1.218,-0.076,0.109,-0.180,-1.00,3.97
200,2026-09-09T22:18:20.000Z,200000,1,1,3,10,43.824344,-111.791866,1482.50,1.675,353.20,0.99,1.55,1.05,1,23.50,39.07,847.36,1468.65,1,-15.68,10.74,26.80,32.85,352.74,1,-0.058,9.416,-1.235,-0.040,0.090,-0.175,-1.02,3.94
201,2026-09-09T22:18:21.000Z,201000,1,1,3,10,43.824349,-111.791867,1482.52,1.671,352.96,0.99,1.55,1.05,1,23.51,39.05,847.36,1468.69,1,-15.74,10.84,26.76,32.89,352.29,1,-0.003,9.401,-1.251,-0.002,0.069,-0.165,-1.05,3.92
202,2026-09-09T22:18:22.000Z,202000,1,1,3,10,43.824354,-111.791868,1482.54,1.665,352.74,0.99,1.55,1.04,1,23.52,39.03,847.36,1468.72,1,-15.80,10.94,26.72,32.91,351.86,1,0.051,9.387,-1.266,0.035,0.048,-0.149,-1.07,3.89
203,2026-09-09T22:18:23.000Z,203000,1,1,3,10,43.824360,-111.791869,1482.56,1.657,352.52,0.99,1.55,1.04,1,23.54,39.01,847.35,1468.76,1,-15.86,11.03,26.68,32.93,351.45,1,0.102,9.375,-1.280,0.072,0.026,-0.128,-1.09,3.86
204,2026-09-09T22:18:24.000Z,204000,1,1,3,10,43.824365,-111.791869,1482.58,1.648,352.31,0.99,1.55,1.04,1,23.55,38.98,847.35,1468.80,1,-15.90,11.11,26.63,32.95,351.06,1,0.147,9.365,-1.292,0.108,0.004,-0.103,-1.12,3.82
205,2026-09-09T22:18:25.000Z,205000,1,1,3,10,43.824370,-111.791870,1482.60,1.639,352.11,0.98,1.55,1.03,1,23.56,38.96,847.35,1468.84,1,-15.94,11.18,26.59,32.95,350.69,1,0.183,9.358,-1.302,0.142,-0.018,-0.074,-1.15,3.79
206,2026-09-09T22:18:26.000Z,206000,1,1,3,10,43.824376,-111.791871,1482.63,1.630,351.92,0.98,1.55,1.03,1,23.57,38.94,847.35,1468.88,1,-15.96,11.25,26.54,32.95,350.35,1,0.208,9.353,-1.310,0.174,-0.039,-0.044,-1.18,3.75
207,2026-09-09T22:18:27.000Z,207000,1,1,3,10,43.824381,-111.791872,1482.65,1.621,351.74,0.98,1.54,1.02,1,23.58,38.92,847.34,1468.92,1,-15.98,11.31,26.49,32.95,350.04,1,0.219,9.350,-1.316,0.203,-0.061,-0.011,-1.21,3.72
208,2026-09-09T22:18:28.000Z,208000,1,1,3,10,43.824387,-111.791873,1482.68,1.614,351.56,0.98,1.54,1.02,1,23.59,38.90,847.34,1468.97,1,-16.00,11.36,26.45,32.93,349.76,1,0.217,9.351,-1.319,0.229,-0.082,0.021,-1.24,3.68
209,2026-09-09T22:18:29.000Z,209000,1,1,3,10,43.824392,-111.791874,1482.71,1.608,351.40,0.98,1.54,1.03,1,23.61,38.88,847.34,1469.01,1,-16.00,11.41,26.40,32.91,349.51,1,0.201,9.354,-1.320,0.251,-0.102,0.053,-1.28,3.64
210,2026-09-09T22:18:30.000Z,210000,1,1,3,10,43.824398,-111.791874,1482.74,1.605,351.24,0.97,1.54,1.03,1,23.62,38.86,847.34,1469.05,1,-16.00,11.44,26.35,32.88,349.29,1,0.173,9.360,-1.319,0.270,-0.121,0.084,-1.31,3.60
211,2026-09-09T22:18:31.000Z,211000,1,1,3,10,43.824403,-111.791875,1482.77,1.604,351.09,0.97,1.54,1.04,1,23.63,38.84,847.34,1469.10,1,-15.98,11.47,26.30,32.84,349.11,1,0.134,9.368,-1.315,0.284,-0.138,0.111,-1.35,3.57
212,2026-09-09T22:18:32.000Z,212000,1,1,3,11,43.824409,-111.791876,1482.80,1.606,350.95,0.97,1.54,1.04,1,23.65,38.81,847.33,1469.14,1,-15.96,11.49,26.25,32.80,348.96,1,0.087,9.379,-1.309,0.294,-0.155,0.135,-1.39,3.52
213,2026-09-09T22:18:33.000Z,213000,1,1,3,11,43.824414,-111.791877,1482.83,1.611,350.83,0.97,1.53,1.05,1,23.66,38.79,847.33,1469.19,1,-15.93,11.50,26.20,32.74,348.84,1,0.034,9.391,-1.300,0.299,-0.170,0.154,-1.43,3.48
214,2026-09-09T22:18:34.000Z,214000,1,1,3,11,43.824420,-111.791878,1482.87,1.618,350.71,0.96,1.53,1.05,1,23.67,38.77,847.33,1469.23,1,-15.89,11.50,26.14,32.69,348.75,1,-0.020,9.405,-1.290,0.300,-0.183,0.168,-1.46,3.44
215,2026-09-09T22:18:35.000Z,215000,1,1,3,11,43.824425,-111.791879,1482.90,1.628,350.60,0.96,1.53,1.05,1,23.69,38.75,847.33,1469.28,1,-15.85,11.49,26.09,32.62,348.70,1,-0.074,9.421,-1.277,0.296,-0.194,0.177,-1.51,3.40
216,2026-09-09T22:18:36.000Z,216000,1,1,3,11,43.824431,-111.791880,1482.94,1.640,350.49,0.96,1.53,1.06,1,23.70,38.73,847.33,1469.33,1,-15.79,11.48,26.04,32.55,348.68,1,-0.123,9.437,-1.264,0.287,-0.203,0.180,-1.55,3.35
217,2026-09-09T22:18:37.000Z,217000,1,1,3,11,43.824437,-111.791880,1482.98,1.654,350.40,0.96,1.52,1.06,1,23.71,38.71,847.32,1469.37,1,-15.73,11.45,25.99,32.47,348.70,1,-0.164,9.454,-1.248,0.274,-0.211,0.177,-1.59,3.31
218,2026-09-09T22:18:38.000Z,218000,1,1,3,11,43.824442,-111.791881,1483.02,1.669,350.32,0.95,1.52,1.07,1,23.73,38.70,847.32,1469.42,1,-15.66,11.42,25.94,32.38,348.74,1,-0.195,9.470,-1.232,0.256,-0.216,0.168,-1.63,3.26
219,2026-09-09T22:18:39.000Z,219000,1,1,3,11,43.824448,-111.791882,1483.06,1.685,350.25,0.95,1.52,1.07,1,23.74,38.68,847.32,1469.47,1,-15.59,11.38,25.88,32.29,348.81,1,-0.214,9.486,-1.216,0.235,-0.219,0.154,-1.68,3.22
220,2026-09-09T22:18:40.000Z,220000,1,1,3,11,43.824454,-111.791883,1483.10,1.701,350.18,0.95,1.52,1.08,1,23.75,38.66,847.32,1469.52,1,-15.50,11.33,25.83,32.19,348.91,1,-0.220,9.501,-1.198,0.210,-0.220,0.134,-1.72,3.17
221,2026-09-09T22:18:41.000Z,221000,1,1,3,11,43.824460,-111.791884,1483.14,1.717,350.13,0.94,1.51,1.08,1,23.77,38.64,847.32,1469.57,1,-15.41,11.27,25.78,32.08,349.04,1,-0.212,9.515,-1.181,0.181,-0.219,0.110,-1.76,3.12
222,2026-09-09T22:18:42.000Z,222000,1,1,3,11,43.824465,-111.791885,1483.19,1.731,350.08,0.94,1.51,1.09,1,23.78,38.62,847.32,1469.62,1,-15.32,11.20,25.73,31.97,349.19,1,-0.191,9.527,-1.165,0.150,-0.215,0.083,-1.81,3.08
223,2026-09-09T22:18:43.000Z,223000,1,1,3,11,43.824471,-111.791885,1483.24,1.744,350.05,0.94,1.51,1.09,1,23.80,38.60,847.32,1469.68,1,-15.21,11.13,25.68,31.85,349.35,1,-0.158,9.536,-1.149,0.117,-0.210,0.052,-1.85,3.03
224,2026-09-09T22:18:44.000Z,224000,1,1,3,11,43.824477,-111.791886,1483.28,1.755,350.02,0.93,1.50,1.09,1,23.81,38.58,847.32,1469.73,1,-15.10,11.05,25.63,31.73,349.54,1,-0.115,9.543,-1.134,0.081,-0.202,0.020,-1.90,2.98
225,2026-09-09T22:18:45.000Z,225000,1,1,3,11,43.824483,-111.791887,1483.33,1.762,350.01,0.93,1.50,1.10,1,23.83,38.57,847.31,1469.78,1,-14.99,10.96,25.58,31.61,349.74,1,-0.065,9.548,-1.120,0.045,-0.192,-0.012,-1.95,2.93
226,2026-09-09T22:18:46.000Z,226000,1,1,3,11,43.824489,-111.791888,1483.38,1.767,350.00,0.93,1.50,1.10,1,23.84,38.55,847.31,1469.84,1,-14.87,10.87,25.53,31.48,349.96,1,-0.011,9.550,-1.108,0.007,-0.180,-0.045,-1.99,2.89
227,2026-09-09T22:18:47.000Z,227000,1,1,3,11,43.824495,-111.791888,1483.43,1.768,350.00,0.92,1.49,1.11,1,23.86,38.53,847.31,1469.89,1,-14.74,10.77,25.48,31.35,350.18,1,0.044,9.549,-1.098,-0.030,-0.167,-0.075,-2.04,2.84
228,2026-09-09T22:18:48.000Z,228000,1,1,3,11,43.824501,-111.791889,1483.48,1.765,350.02,0.92,1.49,1.11,1,23.87,38.51,847.31,1469.95,1,-14.61,10.66,25.44,31.21,350.41,1,0.096,9.546,-1.090,-0.067,-0.152,-0.104,-2.08,2.79
229,2026-09-09T22:18:49.000Z,229000,1,1,3,11,43.824507,-111.791890,1483.54,1.759,350.04,0.92,1.48,1.11,1,23.89,38.50,847.31,1470.00,1,-14.47,10.55,25.39,31.07,350.65,1,0.142,9.539,-1.084,-0.103,-0.135,-0.129,-2.13,2.74
230,2026-09-09T22:18:50.000Z,230000,1,1,3,11,43.824513,-111.791891,1483.59,1.750,350.07,0.91,1.48,1.12,1,23.90,38.48,847.31,1470.06,1,-14.33,10.43,25.35,30.93,350.89,1,0.179,9.531,-1.081,-0.137,-0.117,-0.149,-2.17,2.69
231,2026-09-09T22:18:51.000Z,231000,1,1,3,11,43.824519,-111.791891,1483.64,1.737,350.11,0.91,1.48,1.12,1,23.92,38.46,847.31,1470.12,1,-14.19,10.30,25.30,30.79,351.13,1,0.205,9.520,-1.080,-0.170,-0.098,-0.165,-2.22,2.64
232,2026-09-09T22:18:52.000Z,232000,1,1,3,11,43.824525,-111.791892,1483.70,1.721,350.16,0.90,1.47,1.13,1,23.93,38.45,847.31,1470.18,1,-14.05,10.18,25.26,30.64,351.36,1,0.218,9.507,-1.081,-0.199,-0.078,-0.175,-2.26,2.60
233,2026-09-09T22:18:53.000Z,233000,1,1,3,11,43.824531,-111.791893,1483.76,1.702,350.22,0.90,1.47,1.13,1,23.95,38.43,847.30,1470.23,1,-13.90,10.05,25.22,30.50,351.59,1,0.218,9.492,-1.085,-0.226,-0.057,-0.180,-2.31,2.55
234,2026-09-09T22:18:54.000Z,234000,1,1,3,11,43.824537,-111.791893,1483.82,1.682,350.29,0.90,1.46,1.13,1,23.96,38.42,847.30,1470.29,1,-13.74,9.91,25.18,30.35,351.82,1,0.204,9.477,-1.092,-0.248,-0.035,-0.178,-2.35,2.50
235,2026-09-09T22:18:55.000Z,235000,1,1,3,11,43.824543,-111.791894,1483.88,1.660,350.37,0.89,1.46,1.14,1,23.98,38.40,847.30,1470.35,1,-13.59,9.77,25.15,30.21,352.03,1,0.178,9.460,-1.100,-0.267,-0.014,-0.171,-2.39,2.45
236,2026-09-09T22:18:56.000Z,236000,1,1,3,11,43.824550,-111.791895,1483.94,1.638,350.46,0.89,1.45,1.14,1,23.99,38.39,847.30,1470.41,1,-13.43,9.63,25.11,30.06,352.23,1,0.140,9.444,-1.110,-0.282,0.008,-0.158,-2.44,2.41
237,2026-09-09T22:18:57.000Z,237000,1,1,3,11,43.824556,-111.791895,1484.00,1.615,350.56,0.88,1.45,1.14,1,24.01,38.37,847.30,1470.47,1,-13.28,9.49,25.08,29.92,352.42,1,0.094,9.427,-1.123,-0.293,0.030,-0.140,-2.48,2.36
238,2026-09-09T22:18:58.000Z,238000,1,1,3,11,43.824562,-111.791896,1484.06,1.593,350.66,0.88,1.44,1.15,1,24.02,38.36,847.30,1470.54,1,-13.12,9.34,25.04,29.78,352.60,1,0.042,9.411,-1.137,-0.299,0.052,-0.117,-2.52,2.32
239,2026-09-09T22:18:59.000Z,239000,1,1,3,11,43.824568,-111.791896,1484.12,1.572,350.78,0.87,1.44,1.15,1,24.04,38.34,847.30,1470.60,1,-12.96,9.20,25.01,29.63,352.76,1,-0.013,9.397,-1.152,-0.300,0.073,-0.091,-2.56,2.27
240,2026-09-09T22:19:00.000Z,240000,1,1,3,11,43.824575,-111.791897,1484.19,1.552,350.90,0.87,1.43,1.16,1,24.05,38.33,847.30,1470.66,1,-12.80,9.05,24.98,29.50,352.90,1,-0.067,9.383,-1.168,-0.296,0.093,-0.061,-2.60,2.23
241,2026-09-09T22:19:01.000Z,241000,1,1,3,11,43.824581,-111.791897,1484.25,1.535,351.04,0.87,1.43,1.16,1,24.07,38.31,847.30,1470.72,1,-12.65,8.90,24.96,29.36,353.03,1,-0.117,9.372,-1.185,-0.288,0.113,-0.029,-2.64,2.18
242,2026-09-09T22:19:02.000Z,242000,1,1,3,11,43.824587,-111.791898,1484.32,1.520,351.18,0.86,1.42,1.16,1,24.08,38.30,847.29,1470.79,1,-12.49,8.76,24.93,29.23,353.15,1,-0.159,9.363,-1.202,-0.276,0.131,0.003,-2.67,2.14
243,2026-09-09T22:19:03.000Z,243000,1,1,3,11,43.824594,-111.791898,1484.38,1.508,351.33,0.86,1.42,1.16,1,24.10,38.29,847.29,1470.85,1,-12.34,8.61,24.91,29.10,353.25,1,-0.192,9.356,-1.219,-0.259,0.148,0.036,-2.71,2.10
244,2026-09-09T22:19:04.000Z,244000,1,1,3,11,43.824600,-111.791899,1484.45,1.499,351.50,0.85,1.41,1.17,1,24.11,38.27,847.29,1470.92,1,-12.18,8.46,24.89,28.97,353.33,1,-0.213,9.352,-1.235,-0.238,0.164,0.067,-2.74,2.06
245,2026-09-09T22:19:05.000Z,245000,1,1,3,11,43.824607,-111.791899,1484.52,1.492,351.67,0.85,1.41,1.17,1,24.13,38.26,847.29,1470.98,1,-12.03,8.32,24.87,28.85,353.40,1,-0.220,9.350,-1.251,-0.213,0.177,0.096,-2.78,2.02
246,2026-09-09T22:19:06.000Z,246000,1,1,3,11,43.824613,-111.791900,1484.59,1.489,351.85,0.84,1.40,1.17,1,24.14,38.25,847.29,1471.05,1,-11.88,8.18,24.85,28.74,353.46,1,-0.214,9.351,-1.266,-0.185,0.190,0.122,-2.81,1.98
247,2026-09-09T22:19:07.000Z,247000,1,1,3,11,43.824620,-111.791900,1484.66,1.488,352.03,0.84,1.40,1.18,1,24.16,38.24,847.29,1471.12,1,-11.74,8.04,24.84,28.63,353.51,1,-0.194,9.355,-1.280,-0.154,0.200,0.144,-2.84,1.94
248,2026-09-09T22:19:08.000Z,248000,1,1,3,11,43.824626,-111.791901,1484.73,1.489,352.23,0.83,1.39,1.18,1,24.17,38.23,847.29,1471.18,1,-11.60,7.91,24.83,28.52,353.55,1,-0.163,9.362,-1.292,-0.121,0.208,0.161,-2.87,1.90
249,2026-09-09T22:19:09.000Z,249000,1,1,3,11,43.824633,-111.791901,1484.80,1.492,352.44,0.83,1.39,1.18,1,24.19,38.21,847.28,1471.25,1,-11.46,7.78,24.82,28.42,353.58,1,-0.121,9.371,-1.302,-0.086,0.214,0.173,-2.89,1.86
250,2026-09-09T22:19:10.000Z,250000,1,1,3,11,43.824639,-111.791901,1484.87,1.496,352.65,0.83,1.38,1.18,1,24.20,38.20,847.28,1471.32,1,-11.33,7.65,24.81,28.33,353.60,1,-0.072,9.382,-1.310,-0.050,0.218,0.179,-2.92,1.83
251,2026-09-09T22:19:11.000Z,251000,1,1,3,11,43.824646,-111.791901,1484.94,1.500,352.87,0.82,1.38,1.19,1,24.22,38.19,847.28,1471.39,1,-11.20,7.53,24.80,28.24,353.62,1,-0.018,9.395,-1.316,-0.012,0.220,0.179,-2.95,1.79
252,2026-09-09T22:19:12.000Z,252000,1,1,3,11,43.824653,-111.791902,1485.01,1.505,353.10,0.82,1.37,1.19,1,24.23,38.18,847.28,1471.46,1,-11.07,7.42,24.80,28.16,353.65,1,0.037,9.410,-1.319,0.025,0.220,0.174,-2.97,1.76
253,2026-09-09T22:19:13.000Z,253000,1,1,3,11,43.824659,-111.791902,1485.09,1.509,353.34,0.83,1.36,1.19,1,24.25,38.17,847.28,1471.53,1,-10.96,7.30,24.80,28.08,353.67,1,0.089,9.426,-1.320,0.062,0.217,0.162,-2.99,1.73
254,2026-09-09T22:19:14.000Z,254000,1,1,3,11,43.824666,-111.791902,1485.16,1.512,353.59,0.83,1.36,1.19,1,24.26,38.16,847.27,1471.60,1,-10.84,7.20,24.80,28.01,353.69,1,0.136,9.442,-1.319,0.098,0.212,0.146,-3.01,1.70
255,2026-09-09T22:19:15.000Z,255000,1,1,3,11,43.824673,-111.791902,1485.24,1.513,353.84,0.84,1.35,1.20,1,24.28,38.15,847.27,1471.67,1,-10.74,7.10,24.81,27.95,353.73,1,0.175,9.459,-1.315,0.133,0.205,0.124,-3.03,1.67
256,2026-09-09T22:19:16.000Z,256000,1,1,3,11,43.824680,-111.791902,1485.31,1.512,354.11,0.84,1.35,1.20,1,24.29,38.14,847.27,1471.74,1,-10.64,7.01,24.81,27.89,353.77,1,0.202,9.475,-1.308,0.165,0.196,0.098,-3.04,1.64
257,2026-09-09T22:19:17.000Z,257000,1,1,3,11,43.824686,-111.791902,1485.39,1.508,354.38,0.85,1.34,1.20,1,24.30,38.13,847.27,1471.81,1,-10.54,6.92,24.82,27.84,353.82,1,0.217,9.491,-1.300,0.195,0.186,0.070,-3.05,1.62
258,2026-09-09T22:19:18.000Z,258000,1,1,3,11,43.824693,-111.791903,1485.46,1.501,354.66,0.85,1.33,1.20,1,24.32,38.12,847.27,1471.88,1,-10.46,6.84,24.83,27.80,353.89,1,0.219,9.506,-1.290,0.222,0.173,0.038,-3.07,1.59
259,2026-09-09T22:19:19.000Z,259000,1,1,3,11,43.824700,-111.791903,1485.54,1.491,354.94,0.85,1.33,1.20,1,24.33,38.11,847.26,1471.95,1,-10.38,6.77,24.84,27.76,353.98,1,0.207,9.519,-1.277,0.246,0.158,0.006,-3.08,1.57
260,2026-09-09T22:19:20.000Z,260000,1,1,3,11,43.824707,-111.791903,1485.61,1.477,355.23,0.86,1.32,1.21,1,24.35,38.10,847.26,1472.02,1,-10.30,6.71,24.86,27.73,354.08,1,0.182,9.530,-1.263,0.265,0.142,-0.027,-3.09,1.55
261,2026-09-09T22:19:21.000Z,261000,1,1,3,11,43.824714,-111.791903,1485.69,1.461,355.53,0.86,1.32,1.21,1,24.36,38.10,847.26,1472.09,1,-10.24,6.66,24.87,27.71,354.21,1,0.146,9.539,-1.248,0.281,0.125,-0.058,-3.09,1.52
262,2026-09-09T22:19:22.000Z,262000,1,1,3,11,43.824721,-111.791902,1485.77,1.441,355.84,0.87,1.31,1.21,1,24.37,38.09,847.26,1472.17,1,-10.18,6.61,24.89,27.69,354.36,1,0.100,9.545,-1.232,0.292,0.106,-0.088,-3.10,1.51
263,2026-09-09T22:19:23.000Z,263000,1,1,3,11,43.824728,-111.791902,1485.84,1.419,356.16,0.87,1.31,1.21,1,24.39,38.08,847.25,1472.24,1,-10.13,6.57,24.91,27.69,354.53,1,0.049,9.549,-1.215,0.298,0.086,-0.115,-3.10,1.49
264,2026-09-09T22:19:24.000Z,264000,1,1,3,11,43.824735,-111.791902,1485.92,1.394,356.48,0.88,1.30,1.21,1,24.40,38.07,847.25,1472.31,1,-10.09,6.54,24.94,27.68,354.73,1,-0.006,9.550,-1.198,0.300,0.066,-0.138,-3.10,1.47
265,2026-09-09T22:19:25.000Z,265000,1,1,3,11,43.824742,-111.791902,1486.00,1.368,356.81,0.88,1.31,1.21,1,24.41,38.07,847.25,1472.39,1,-10.05,6.52,24.96,27.69,354.96,1,-0.060,9.548,-1.181,0.297,0.044,-0.157,-3.10,1.46
266,2026-09-09T22:19:26.000Z,266000,1,1,3,11,43.824749,-111.791902,1486.08,1.340,357.14,0.88,1.31,1.21,1,24.43,38.06,847.25,1472.46,1,-10.03,6.50,24.99,27.70,355.22,1,-0.111,9.544,-1.164,0.290,0.023,-0.170,-3.10,1.44
267,2026-09-09T22:19:27.000Z,267000,1,1,3,11,43.824756,-111.791902,1486.16,1.312,357.48,0.89,1.32,1.22,1,24.44,38.05,847.24,1472.54,1,-10.01,6.50,25.02,27.72,355.51,1,-0.154,9.537,-1.148,0.278,0.001,-0.178,-3.09,1.43
268,2026-09-09T22:19:28.000Z,268000,1,1,3,11,43.824763,-111.791901,1486.23,1.284,357.83,0.89,1.32,1.22,1,24.45,38.04,847.24,1472.61,1,-10.00,6.50,25.05,27.75,355.83,1,-0.188,9.527,-1.134,0.261,-0.021,-0.180,-3.08,1.42
269,2026-09-09T22:19:29.000Z,269000,1,1,3,11,43.824771,-111.791901,1486.31,1.256,358.18,0.90,1.33,1.22,1,24.46,38.04,847.24,1472.68,1,-10.00,6.52,25.08,27.78,356.19,1,-0.211,9.516,-1.120,0.241,-0.043,-0.176,-3.08,1.42
270,2026-09-09T22:19:30.000Z,270000,1,1,3,11,43.824778,-111.791901,1486.39,1.230,358.54,0.90,1.34,1.22,1,24.48,38.03,847.23,1472.76,1,-10.01,6.54,25.12,27.82,356.57,1,-0.220,9.503,-1.108,0.217,-0.064,-0.166,-3.06,1.41
271,2026-09-09T22:19:31.000Z,271000,1,1,3,11,43.824785,-111.791900,1486.47,1.205,358.91,0.91,1.34,1.22,1,24.49,38.03,847.23,1472.83,1,-10.02,6.57,25.15,27.86,356.98,1,-0.215,9.488,-1.098,0.189,-0.085,-0.151,-3.05,1.40
272,2026-09-09T22:19:32.000Z,272000,1,1,3,11,43.824792,-111.791900,1486.55,1.183,359.28,0.91,1.35,1.22,1,24.50,38.02,847.23,1472.91,1,-10.05,6.61,25.19,27.91,357.42,1,-0.198,9.472,-1.090,0.159,-0.105,-0.130,-3.04,1.40
273,2026-09-09T22:19:33.000Z,273000,1,1,3,11,43.824799,-111.791899,1486.62,1.164,359.66,0.91,1.35,1.22,1,24.51,38.02,847.22,1472.98,1,-10.08,6.65,25.23,27.97,357.89,1,-0.167,9.455,-1.084,0.126,-0.124,-0.106,-3.02,1.40
274,2026-09-09T22:19:34.000Z,274000,1,1,3,11,43.824807,-111.791899,1486.70,1.148,0.04,0.92,1.36,1.22,1,24.52,38.01,847.22,1473.06,1,-10.12,6.71,25.27,28.04,358.39,1,-0.127,9.439,-1.081,0.091,-0.141,-0.078,-3.00,1.40
275,2026-09-09T22:19:35.000Z,275000,1,1,3,11,43.824814,-111.791898,1486.78,1.135,0.43,0.92,1.37,1.22,1,24.54,38.01,847.21,1473.14,1,-10.17,6.77,25.31,28.11,358.91,1,-0.079,9.422,-1.080,0.054,-0.157,-0.047,-2.98,1.40
276,2026-09-09T22:19:36.000Z,276000,1,1,3,10,43.824821,-111.791898,1486.86,1.125,0.82,0.92,1.37,1.22,1,24.55,38.00,847.21,1473.21,1,-10.22,6.84,25.36,28.18,359.46,1,-0.025,9.407,-1.082,0.017,-0.172,-0.015,-2.96,1.41
277,2026-09-09T22:19:37.000Z,277000,1,1,3,10,43.824829,-111.791897,1486.94,1.119,1.21,0.93,1.38,1.22,1,24.56,38.00,847.21,1473.29,1,-10.29,6.92,25.40,28.26,0.02,1,0.030,9.392,-1.085,-0.020,-0.185,0.018,-2.94,1.41
278,2026-09-09T22:19:38.000Z,278000,1,1,3,10,43.824836,-111.791896,1487.01,1.116,1.62,0.93,1.38,1.22,1,24.57,37.99,847.20,1473.36,1,-10.36,7.00,25.45,28.35,0.61,1,0.083,9.380,-1.092,-0.057,-0.196,0.050,-2.92,1.42
279,2026-09-09T22:19:39.000Z,279000,1,1,3,10,43.824844,-111.791896,1487.09,1.116,2.02,0.93,1.39,1.22,1,24.58,37.99,847.20,1473.44,1,-10.44,7.09,25.49,28.45,1.21,1,0.130,9.369,-1.100,-0.094,-0.205,0.080,-2.89,1.43
280,2026-09-09T22:19:40.000Z,280000,1,1,3,10,43.824851,-111.791895,1487.17,1.118,2.43,0.94,1.39,1.22,1,24.59,37.99,847.19,1473.51,1,-10.52,7.19,25.54,28.55,1.83,1,0.170,9.360,-1.111,-0.128,-0.212,0.108,-2.86,1.44
281,2026-09-09T22:19:41.000Z,281000,1,1,3,10,43.824858,-111.791894,1487.24,1.122,2.85,0.94,1.40,1.22,1,24.60,37.98,847.19,1473.59,1,-10.62,7.30,25.59,28.65,2.46,1,0.199,9.354,-1.123,-0.161,-0.217,0.132,-2.83,1.45
282,2026-09-09T22:19:42.000Z,282000,1,1,3,10,43.824866,-111.791893,1487.32,1.127,3.27,0.94,1.40,1.22,1,24.61,37.98,847.18,1473.67,1,-10.72,7.41,25.64,28.76,3.10,1,0.216,9.351,-1.137,-0.192,-0.219,0.152,-2.80,1.46
283,2026-09-09T22:19:43.000Z,283000,1,1,3,10,43.824873,-111.791892,1487.39,1.133,3.69,0.95,1.41,1.22,1,24.62,37.98,847.18,1473.74,1,-10.82,7.52,25.69,28.87,3.75,1,0.220,9.350,-1.152,-0.219,-0.220,0.167,-2.77,1.48
284,2026-09-09T22:19:44.000Z,284000,1,1,3,10,43.824881,-111.791891,1487.47,1.140,4.12,0.95,1.42,1.22,1,24.63,37.98,847.17,1473.82,1,-10.93,7.64,25.74,28.99,4.39,1,0.209,9.352,-1.168,-0.243,-0.218,0.176,-2.74,1.49
285,2026-09-09T22:19:45.000Z,285000,1,1,3,10,43.824889,-111.791890,1487.54,1.145,4.55,0.95,1.42,1.22,1,24.64,37.97,847.17,1473.90,1,-11.05,7.77,25.79,29.11,5.04,1,0.186,9.357,-1.185,-0.263,-0.214,0.180,-2.70,1.51
286,2026-09-09T22:19:46.000Z,286000,1,1,3,10,43.824896,-111.791889,1487.62,1.150,4.98,0.96,1.43,1.22,1,24.65,37.97,847.16,1473.97,1,-11.17,7.90,25.84,29.24,5.69,1,0.151,9.364,-1.202,-0.279,-0.208,0.178,-2.67,1.53
287,2026-09-09T22:19:47.000Z,287000,1,1,3,10,43.824904,-111.791888,1487.69,1.153,5.41,0.96,1.43,1.21,1,24.66,37.97,847.16,1474.05,1,-11.30,8.03,25.89,29.37,6.33,1,0.107,9.374,-1.219,-0.290,-0.200,0.169,-2.63,1.55
288,2026-09-09T22:19:48.000Z,288000,1,1,3,10,43.824911,-111.791887,1487.77,1.154,5.85,0.96,1.44,1.21,1,24.66,37.97,847.15,1474.12,1,-11.43,8.17,25.95,29.51,6.96,1,0.056,9.386,-1.236,-0.298,-0.190,0.156,-2.59,1.58
289,2026-09-09T22:19:49.000Z,289000,1,1,3,10,43.824919,-111.791886,1487.84,1.153,6.29,0.97,1.44,1.21,1,24.67,37.97,847.15,1474.20,1,-11.57,8.31,26.00,29.65,7.58,1,0.001,9.400,-1.252,-0.300,-0.178,0.137,-2.55,1.60
290,2026-09-09T22:19:50.000Z,290000,1,1,3,10,43.824927,-111.791885,1487.91,1.148,6.74,0.97,1.45,1.21,1,24.68,37.97,847.14,1474.27,1,-11.71,8.45,26.05,29.79,8.18,1,-0.053,9.415,-1.267,-0.298,-0.165,0.113,-2.51,1.63
291,2026-09-09T22:19:51.000Z,291000,1,1,3,10,43.824934,-111.791883,1487.98,1.141,7.18,0.97,1.45,1.21,1,24.69,37.97,847.13,1474.35,1,-11.85,8.60,26.10,29.93,8.77,1,-0.104,9.431,-1.280,-0.291,-0.149,0.086,-2.47,1.65
292,2026-09-09T22:19:52.000Z,292000,1,1,3,10,43.824942,-111.791882,1488.06,1.132,7.63,0.97,1.46,1.21,1,24.70,37.97,847.13,1474.43,1,-12.00,8.74,26.15,30.08,9.35,1,-0.149,9.447,-1.292,-0.280,-0.132,0.056,-2.43,1.68
293,2026-09-09T22:19:53.000Z,293000,1,1,3,10,43.824950,-111.791881,1488.13,1.119,8.08,0.98,1.46,1.21,1,24.70,37.97,847.12,1474.50,1,-12.15,8.89,26.21,30.22,9.90,1,-0.184,9.464,-1.302,-0.264,-0.114,0.024,-2.39,1.71
294,2026-09-09T22:19:54.000Z,294000,1,1,3,10,43.824957,-111.791879,1488.20,1.104,8.53,0.98,1.46,1.20,1,24.71,37.96,847.12,1474.58,1,-12.30,9.04,26.26,30.37,10.43,1,-0.208,9.480,-1.310,-0.244,-0.095,-0.009,-2.34,1.74
295,2026-09-09T22:19:55.000Z,295000,1,1,3,10,43.824965,-111.791878,1488.26,1.087,8.99,0.98,1.47,1.20,1,24.72,37.96,847.11,1474.65,1,-12.46,9.19,26.31,30.52,10.94,1,-0.219,9.495,-1.316,-0.220,-0.074,-0.041,-2.30,1.77
296,2026-09-09T22:19:56.000Z,296000,1,1,3,10,43.824973,-111.791876,1488.33,1.069,9.44,0.98,1.47,1.20,1,24.73,37.97,847.10,1474.73,1,-12.61,9.33,26.36,30.67,11.43,1,-0.217,9.510,-1.319,-0.193,-0.053,-0.072,-2.25,1.81
297,2026-09-09T22:19:57.000Z,297000,1,1,3,10,43.824981,-111.791875,1488.40,1.049,9.90,0.98,1.48,1.20,1,24.73,37.97,847.10,1474.80,1,-12.77,9.48,26.41,30.83,11.90,1,-0.201,9.522,-1.320,-0.163,-0.032,-0.101,-2.21,1.84
298,2026-09-09T22:19:58.000Z,298000,1,1,3,10,43.824989,-111.791873,1488.47,1.029,10.35,0.99,1.48,1.20,1,24.74,37.97,847.09,1474.88,1,-12.93,9.62,26.46,30.98,12.34,1,-0.172,9.533,-1.318,-0.130,-0.010,-0.126,-2.16,1.88
299,2026-09-09T22:19:59.000Z,299000,1,1,3,10,43.824996,-111.791872,1488.53,1.009,10.81,0.99,1.49,1.19,1,24.74,37.97,847.08,1474.95,1,-13.09,9.76,26.50,31.13,12.76,1,-0.133,9.541,-1.315,-0.096,0.012,-0.147,-2.12,1.91
